"id","order","prefecture_id","prefecture_code","code","name","government_type","created_at","updated_at"
"1637","0","1","01","010006","北海道","1",NULL,NULL
"1638","0","1","01","011002","札幌市","0",NULL,NULL
"1639","0","1","01","012025","函館市","0",NULL,NULL
"1640","0","1","01","012033","小樽市","0",NULL,NULL
"1641","0","1","01","012041","旭川市","0",NULL,NULL
"1642","0","1","01","012050","室蘭市","0",NULL,NULL
"1643","0","1","01","012068","釧路市","0",NULL,NULL
"1644","0","1","01","012076","帯広市","0",NULL,NULL
"1645","0","1","01","012084","北見市","0",NULL,NULL
"1646","0","1","01","012092","夕張市","0",NULL,NULL
"1647","0","1","01","012106","岩見沢市","0",NULL,NULL
"1648","0","1","01","012114","網走市","0",NULL,NULL
"1649","0","1","01","012122","留萌市","0",NULL,NULL
"1650","0","1","01","012131","苫小牧市","0",NULL,NULL
"1651","0","1","01","012149","稚内市","0",NULL,NULL
"1652","0","1","01","012157","美唄市","0",NULL,NULL
"1653","0","1","01","012165","芦別市","0",NULL,NULL
"1654","0","1","01","012173","江別市","0",NULL,NULL
"1655","0","1","01","012181","赤平市","0",NULL,NULL
"1656","0","1","01","012190","紋別市","0",NULL,NULL
"1657","0","1","01","012203","士別市","0",NULL,NULL
"1658","0","1","01","012211","名寄市","0",NULL,NULL
"1659","0","1","01","012220","三笠市","0",NULL,NULL
"1660","0","1","01","012238","根室市","0",NULL,NULL
"1661","0","1","01","012246","千歳市","0",NULL,NULL
"1662","0","1","01","012254","滝川市","0",NULL,NULL
"1663","0","1","01","012262","砂川市","0",NULL,NULL
"1664","0","1","01","012271","歌志内市","0",NULL,NULL
"1665","0","1","01","012289","深川市","0",NULL,NULL
"1666","0","1","01","012297","富良野市","0",NULL,NULL
"1667","0","1","01","012301","登別市","0",NULL,NULL
"1668","0","1","01","012319","恵庭市","0",NULL,NULL
"1669","0","1","01","012335","伊達市","0",NULL,NULL
"1670","0","1","01","012343","北広島市","0",NULL,NULL
"1671","0","1","01","012351","石狩市","0",NULL,NULL
"1672","0","1","01","012360","北斗市","0",NULL,NULL
"1673","0","1","01","013030","当別町","0",NULL,NULL
"1674","0","1","01","013048","新篠津村","0",NULL,NULL
"1675","0","1","01","013315","松前町","0",NULL,NULL
"1676","0","1","01","013323","福島町","0",NULL,NULL
"1677","0","1","01","013331","知内町","0",NULL,NULL
"1678","0","1","01","013340","木古内町","0",NULL,NULL
"1679","0","1","01","013374","七飯町","0",NULL,NULL
"1680","0","1","01","013439","鹿部町","0",NULL,NULL
"1681","0","1","01","013455","森町","0",NULL,NULL
"1682","0","1","01","013463","八雲町","0",NULL,NULL
"1683","0","1","01","013471","長万部町","0",NULL,NULL
"1684","0","1","01","013617","江差町","0",NULL,NULL
"1685","0","1","01","013625","上ノ国町","0",NULL,NULL
"1686","0","1","01","013633","厚沢部町","0",NULL,NULL
"1687","0","1","01","013641","乙部町","0",NULL,NULL
"1688","0","1","01","013676","奥尻町","0",NULL,NULL
"1689","0","1","01","013706","今金町","0",NULL,NULL
"1690","0","1","01","013714","せたな町","0",NULL,NULL
"1691","0","1","01","013919","島牧村","0",NULL,NULL
"1692","0","1","01","013927","寿都町","0",NULL,NULL
"1693","0","1","01","013935","黒松内町","0",NULL,NULL
"1694","0","1","01","013943","蘭越町","0",NULL,NULL
"1695","0","1","01","013951","ニセコ町","0",NULL,NULL
"1696","0","1","01","013960","真狩村","0",NULL,NULL
"1697","0","1","01","013978","留寿都村","0",NULL,NULL
"1698","0","1","01","013986","喜茂別町","0",NULL,NULL
"1699","0","1","01","013994","京極町","0",NULL,NULL
"1700","0","1","01","014001","倶知安町","0",NULL,NULL
"1701","0","1","01","014010","共和町","0",NULL,NULL
"1702","0","1","01","014028","岩内町","0",NULL,NULL
"1703","0","1","01","014036","泊村","0",NULL,NULL
"1704","0","1","01","014044","神恵内村","0",NULL,NULL
"1705","0","1","01","014052","積丹町","0",NULL,NULL
"1706","0","1","01","014061","古平町","0",NULL,NULL
"1707","0","1","01","014079","仁木町","0",NULL,NULL
"1708","0","1","01","014087","余市町","0",NULL,NULL
"1709","0","1","01","014095","赤井川村","0",NULL,NULL
"1710","0","1","01","014231","南幌町","0",NULL,NULL
"1711","0","1","01","014249","奈井江町","0",NULL,NULL
"1712","0","1","01","014257","上砂川町","0",NULL,NULL
"1713","0","1","01","014273","由仁町","0",NULL,NULL
"1714","0","1","01","014281","長沼町","0",NULL,NULL
"1715","0","1","01","014290","栗山町","0",NULL,NULL
"1716","0","1","01","014303","月形町","0",NULL,NULL
"1717","0","1","01","014311","浦臼町","0",NULL,NULL
"1718","0","1","01","014320","新十津川町","0",NULL,NULL
"1719","0","1","01","014338","妹背牛町","0",NULL,NULL
"1720","0","1","01","014346","秩父別町","0",NULL,NULL
"1721","0","1","01","014362","雨竜町","0",NULL,NULL
"1722","0","1","01","014371","北竜町","0",NULL,NULL
"1723","0","1","01","014389","沼田町","0",NULL,NULL
"1724","0","1","01","014524","鷹栖町","0",NULL,NULL
"1725","0","1","01","014532","東神楽町","0",NULL,NULL
"1726","0","1","01","014541","当麻町","0",NULL,NULL
"1727","0","1","01","014559","比布町","0",NULL,NULL
"1728","0","1","01","014567","愛別町","0",NULL,NULL
"1729","0","1","01","014575","上川町","0",NULL,NULL
"1730","0","1","01","014583","東川町","0",NULL,NULL
"1731","0","1","01","014591","美瑛町","0",NULL,NULL
"1732","0","1","01","014605","上富良野町","0",NULL,NULL
"1733","0","1","01","014613","中富良野町","0",NULL,NULL
"1734","0","1","01","014621","南富良野町","0",NULL,NULL
"1735","0","1","01","014630","占冠村","0",NULL,NULL
"1736","0","1","01","014648","和寒町","0",NULL,NULL
"1737","0","1","01","014656","剣淵町","0",NULL,NULL
"1738","0","1","01","014681","下川町","0",NULL,NULL
"1739","0","1","01","014699","美深町","0",NULL,NULL
"1740","0","1","01","014702","音威子府村","0",NULL,NULL
"1741","0","1","01","014711","中川町","0",NULL,NULL
"1742","0","1","01","014729","幌加内町","0",NULL,NULL
"1743","0","1","01","014818","増毛町","0",NULL,NULL
"1744","0","1","01","014826","小平町","0",NULL,NULL
"1745","0","1","01","014834","苫前町","0",NULL,NULL
"1746","0","1","01","014842","羽幌町","0",NULL,NULL
"1747","0","1","01","014851","初山別村","0",NULL,NULL
"1748","0","1","01","014869","遠別町","0",NULL,NULL
"1749","0","1","01","014877","天塩町","0",NULL,NULL
"1750","0","1","01","015113","猿払村","0",NULL,NULL
"1751","0","1","01","015121","浜頓別町","0",NULL,NULL
"1752","0","1","01","015130","中頓別町","0",NULL,NULL
"1753","0","1","01","015148","枝幸町","0",NULL,NULL
"1754","0","1","01","015164","豊富町","0",NULL,NULL
"1755","0","1","01","015172","礼文町","0",NULL,NULL
"1756","0","1","01","015181","利尻町","0",NULL,NULL
"1757","0","1","01","015199","利尻富士町","0",NULL,NULL
"1758","0","1","01","015202","幌延町","0",NULL,NULL
"1759","0","1","01","015431","美幌町","0",NULL,NULL
"1760","0","1","01","015440","津別町","0",NULL,NULL
"1761","0","1","01","015458","斜里町","0",NULL,NULL
"1762","0","1","01","015466","清里町","0",NULL,NULL
"1763","0","1","01","015474","小清水町","0",NULL,NULL
"1764","0","1","01","015491","訓子府町","0",NULL,NULL
"1765","0","1","01","015504","置戸町","0",NULL,NULL
"1766","0","1","01","015521","佐呂間町","0",NULL,NULL
"1767","0","1","01","015555","遠軽町","0",NULL,NULL
"1768","0","1","01","015598","湧別町","0",NULL,NULL
"1769","0","1","01","015601","滝上町","0",NULL,NULL
"1770","0","1","01","015610","興部町","0",NULL,NULL
"1771","0","1","01","015628","西興部村","0",NULL,NULL
"1772","0","1","01","015636","雄武町","0",NULL,NULL
"1773","0","1","01","015644","大空町","0",NULL,NULL
"1774","0","1","01","015717","豊浦町","0",NULL,NULL
"1775","0","1","01","015750","壮瞥町","0",NULL,NULL
"1776","0","1","01","015784","白老町","0",NULL,NULL
"1777","0","1","01","015814","厚真町","0",NULL,NULL
"1778","0","1","01","015849","洞爺湖町","0",NULL,NULL
"1779","0","1","01","015857","安平町","0",NULL,NULL
"1780","0","1","01","015865","むかわ町","0",NULL,NULL
"1781","0","1","01","016012","日高町","0",NULL,NULL
"1782","0","1","01","016021","平取町","0",NULL,NULL
"1783","0","1","01","016047","新冠町","0",NULL,NULL
"1784","0","1","01","016071","浦河町","0",NULL,NULL
"1785","0","1","01","016080","様似町","0",NULL,NULL
"1786","0","1","01","016098","えりも町","0",NULL,NULL
"1787","0","1","01","016101","新ひだか町","0",NULL,NULL
"1788","0","1","01","016314","音更町","0",NULL,NULL
"1789","0","1","01","016322","士幌町","0",NULL,NULL
"1790","0","1","01","016331","上士幌町","0",NULL,NULL
"1791","0","1","01","016349","鹿追町","0",NULL,NULL
"1792","0","1","01","016357","新得町","0",NULL,NULL
"1793","0","1","01","016365","清水町","0",NULL,NULL
"1794","0","1","01","016373","芽室町","0",NULL,NULL
"1795","0","1","01","016381","中札内村","0",NULL,NULL
"1796","0","1","01","016390","更別村","0",NULL,NULL
"1797","0","1","01","016411","大樹町","0",NULL,NULL
"1798","0","1","01","016420","広尾町","0",NULL,NULL
"1799","0","1","01","016438","幕別町","0",NULL,NULL
"1800","0","1","01","016446","池田町","0",NULL,NULL
"1801","0","1","01","016454","豊頃町","0",NULL,NULL
"1802","0","1","01","016462","本別町","0",NULL,NULL
"1803","0","1","01","016471","足寄町","0",NULL,NULL
"1804","0","1","01","016489","陸別町","0",NULL,NULL
"1805","0","1","01","016497","浦幌町","0",NULL,NULL
"1806","0","1","01","016616","釧路町","0",NULL,NULL
"1807","0","1","01","016624","厚岸町","0",NULL,NULL
"1808","0","1","01","016632","浜中町","0",NULL,NULL
"1809","0","1","01","016641","標茶町","0",NULL,NULL
"1810","0","1","01","016659","弟子屈町","0",NULL,NULL
"1811","0","1","01","016675","鶴居村","0",NULL,NULL
"1812","0","1","01","016683","白糠町","0",NULL,NULL
"1813","0","1","01","016918","別海町","0",NULL,NULL
"1814","0","1","01","016926","中標津町","0",NULL,NULL
"1815","0","1","01","016934","標津町","0",NULL,NULL
"1816","0","1","01","016942","羅臼町","0",NULL,NULL
"1817","0","2","02","020001","青森県","1",NULL,NULL
"1818","0","2","02","022012","青森市","0",NULL,NULL
"1819","0","2","02","022021","弘前市","0",NULL,NULL
"1820","0","2","02","022039","八戸市","0",NULL,NULL
"1821","0","2","02","022047","黒石市","0",NULL,NULL
"1822","0","2","02","022055","五所川原市","0",NULL,NULL
"1823","0","2","02","022063","十和田市","0",NULL,NULL
"1824","0","2","02","022071","三沢市","0",NULL,NULL
"1825","0","2","02","022080","むつ市","0",NULL,NULL
"1826","0","2","02","022098","つがる市","0",NULL,NULL
"1827","0","2","02","022101","平川市","0",NULL,NULL
"1828","0","2","02","023019","平内町","0",NULL,NULL
"1829","0","2","02","023035","今別町","0",NULL,NULL
"1830","0","2","02","023043","蓬田村","0",NULL,NULL
"1831","0","2","02","023078","外ヶ浜町","0",NULL,NULL
"1832","0","2","02","023213","鰺ヶ沢町","0",NULL,NULL
"1833","0","2","02","023230","深浦町","0",NULL,NULL
"1834","0","2","02","023434","西目屋村","0",NULL,NULL
"1835","0","2","02","023612","藤崎町","0",NULL,NULL
"1836","0","2","02","023621","大鰐町","0",NULL,NULL
"1837","0","2","02","023671","田舎館村","0",NULL,NULL
"1838","0","2","02","023817","板柳町","0",NULL,NULL
"1839","0","2","02","023841","鶴田町","0",NULL,NULL
"1840","0","2","02","023876","中泊町","0",NULL,NULL
"1841","0","2","02","024015","野辺地町","0",NULL,NULL
"1842","0","2","02","024023","七戸町","0",NULL,NULL
"1843","0","2","02","024058","六戸町","0",NULL,NULL
"1844","0","2","02","024066","横浜町","0",NULL,NULL
"1845","0","2","02","024082","東北町","0",NULL,NULL
"1846","0","2","02","024112","六ヶ所村","0",NULL,NULL
"1847","0","2","02","024121","おいらせ町","0",NULL,NULL
"1848","0","2","02","024236","大間町","0",NULL,NULL
"1849","0","2","02","024244","東通村","0",NULL,NULL
"1850","0","2","02","024252","風間浦村","0",NULL,NULL
"1851","0","2","02","024261","佐井村","0",NULL,NULL
"1852","0","2","02","024414","三戸町","0",NULL,NULL
"1853","0","2","02","024422","五戸町","0",NULL,NULL
"1854","0","2","02","024431","田子町","0",NULL,NULL
"1855","0","2","02","024457","南部町","0",NULL,NULL
"1856","0","2","02","024465","階上町","0",NULL,NULL
"1857","0","2","02","024503","新郷村","0",NULL,NULL
"1858","0","3","03","030007","岩手県","1",NULL,NULL
"1859","0","3","03","032018","盛岡市","0",NULL,NULL
"1860","0","3","03","032026","宮古市","0",NULL,NULL
"1861","0","3","03","032034","大船渡市","0",NULL,NULL
"1862","0","3","03","032051","花巻市","0",NULL,NULL
"1863","0","3","03","032069","北上市","0",NULL,NULL
"1864","0","3","03","032077","久慈市","0",NULL,NULL
"1865","0","3","03","032085","遠野市","0",NULL,NULL
"1866","0","3","03","032093","一関市","0",NULL,NULL
"1867","0","3","03","032107","陸前高田市","0",NULL,NULL
"1868","0","3","03","032115","釜石市","0",NULL,NULL
"1869","0","3","03","032131","二戸市","0",NULL,NULL
"1870","0","3","03","032140","八幡平市","0",NULL,NULL
"1871","0","3","03","032158","奥州市","0",NULL,NULL
"1872","0","3","03","032166","滝沢市","0",NULL,NULL
"1873","0","3","03","033014","雫石町","0",NULL,NULL
"1874","0","3","03","033022","葛巻町","0",NULL,NULL
"1875","0","3","03","033031","岩手町","0",NULL,NULL
"1876","0","3","03","033219","紫波町","0",NULL,NULL
"1877","0","3","03","033227","矢巾町","0",NULL,NULL
"1878","0","3","03","033669","西和賀町","0",NULL,NULL
"1879","0","3","03","033812","金ケ崎町","0",NULL,NULL
"1880","0","3","03","034029","平泉町","0",NULL,NULL
"1881","0","3","03","034410","住田町","0",NULL,NULL
"1882","0","3","03","034614","大槌町","0",NULL,NULL
"1883","0","3","03","034827","山田町","0",NULL,NULL
"1884","0","3","03","034835","岩泉町","0",NULL,NULL
"1885","0","3","03","034843","田野畑村","0",NULL,NULL
"1886","0","3","03","034851","普代村","0",NULL,NULL
"1887","0","3","03","035017","軽米町","0",NULL,NULL
"1888","0","3","03","035033","野田村","0",NULL,NULL
"1889","0","3","03","035068","九戸村","0",NULL,NULL
"1890","0","3","03","035076","洋野町","0",NULL,NULL
"1891","0","3","03","035246","一戸町","0",NULL,NULL
"1892","0","4","04","040002","宮城県","1",NULL,NULL
"1893","0","4","04","041009","仙台市","0",NULL,NULL
"1894","0","4","04","042021","石巻市","0",NULL,NULL
"1895","0","4","04","042030","塩竈市","0",NULL,NULL
"1896","0","4","04","042056","気仙沼市","0",NULL,NULL
"1897","0","4","04","042064","白石市","0",NULL,NULL
"1898","0","4","04","042072","名取市","0",NULL,NULL
"1899","0","4","04","042081","角田市","0",NULL,NULL
"1900","0","4","04","042099","多賀城市","0",NULL,NULL
"1901","0","4","04","042111","岩沼市","0",NULL,NULL
"1902","0","4","04","042129","登米市","0",NULL,NULL
"1903","0","4","04","042137","栗原市","0",NULL,NULL
"1904","0","4","04","042145","東松島市","0",NULL,NULL
"1905","0","4","04","042153","大崎市","0",NULL,NULL
"1906","0","4","04","042161","富谷市","0",NULL,NULL
"1907","0","4","04","043010","蔵王町","0",NULL,NULL
"1908","0","4","04","043028","七ヶ宿町","0",NULL,NULL
"1909","0","4","04","043214","大河原町","0",NULL,NULL
"1910","0","4","04","043222","村田町","0",NULL,NULL
"1911","0","4","04","043231","柴田町","0",NULL,NULL
"1912","0","4","04","043249","川崎町","0",NULL,NULL
"1913","0","4","04","043419","丸森町","0",NULL,NULL
"1914","0","4","04","043613","亘理町","0",NULL,NULL
"1915","0","4","04","043621","山元町","0",NULL,NULL
"1916","0","4","04","044016","松島町","0",NULL,NULL
"1917","0","4","04","044041","七ヶ浜町","0",NULL,NULL
"1918","0","4","04","044067","利府町","0",NULL,NULL
"1919","0","4","04","044211","大和町","0",NULL,NULL
"1920","0","4","04","044229","大郷町","0",NULL,NULL
"1921","0","4","04","044245","大衡村","0",NULL,NULL
"1922","0","4","04","044440","色麻町","0",NULL,NULL
"1923","0","4","04","044458","加美町","0",NULL,NULL
"1924","0","4","04","045012","涌谷町","0",NULL,NULL
"1925","0","4","04","045055","美里町","0",NULL,NULL
"1926","0","4","04","045811","女川町","0",NULL,NULL
"1927","0","4","04","046060","南三陸町","0",NULL,NULL
"1928","0","5","05","050008","秋田県","1",NULL,NULL
"1929","0","5","05","052019","秋田市","0",NULL,NULL
"1930","0","5","05","052027","能代市","0",NULL,NULL
"1931","0","5","05","052035","横手市","0",NULL,NULL
"1932","0","5","05","052043","大館市","0",NULL,NULL
"1933","0","5","05","052060","男鹿市","0",NULL,NULL
"1934","0","5","05","052078","湯沢市","0",NULL,NULL
"1935","0","5","05","052094","鹿角市","0",NULL,NULL
"1936","0","5","05","052108","由利本荘市","0",NULL,NULL
"1937","0","5","05","052116","潟上市","0",NULL,NULL
"1938","0","5","05","052124","大仙市","0",NULL,NULL
"1939","0","5","05","052132","北秋田市","0",NULL,NULL
"1940","0","5","05","052141","にかほ市","0",NULL,NULL
"1941","0","5","05","052159","仙北市","0",NULL,NULL
"1942","0","5","05","053031","小坂町","0",NULL,NULL
"1943","0","5","05","053279","上小阿仁村","0",NULL,NULL
"1944","0","5","05","053465","藤里町","0",NULL,NULL
"1945","0","5","05","053481","三種町","0",NULL,NULL
"1946","0","5","05","053490","八峰町","0",NULL,NULL
"1947","0","5","05","053619","五城目町","0",NULL,NULL
"1948","0","5","05","053635","八郎潟町","0",NULL,NULL
"1949","0","5","05","053660","井川町","0",NULL,NULL
"1950","0","5","05","053686","大潟村","0",NULL,NULL
"1951","0","5","05","054348","美郷町","0",NULL,NULL
"1952","0","5","05","054631","羽後町","0",NULL,NULL
"1953","0","5","05","054640","東成瀬村","0",NULL,NULL
"1954","0","6","06","060003","山形県","1",NULL,NULL
"1955","0","6","06","062014","山形市","0",NULL,NULL
"1956","0","6","06","062022","米沢市","0",NULL,NULL
"1957","0","6","06","062031","鶴岡市","0",NULL,NULL
"1958","0","6","06","062049","酒田市","0",NULL,NULL
"1959","0","6","06","062057","新庄市","0",NULL,NULL
"1960","0","6","06","062065","寒河江市","0",NULL,NULL
"1961","0","6","06","062073","上山市","0",NULL,NULL
"1962","0","6","06","062081","村山市","0",NULL,NULL
"1963","0","6","06","062090","長井市","0",NULL,NULL
"1964","0","6","06","062103","天童市","0",NULL,NULL
"1965","0","6","06","062111","東根市","0",NULL,NULL
"1966","0","6","06","062120","尾花沢市","0",NULL,NULL
"1967","0","6","06","062138","南陽市","0",NULL,NULL
"1968","0","6","06","063011","山辺町","0",NULL,NULL
"1969","0","6","06","063029","中山町","0",NULL,NULL
"1970","0","6","06","063215","河北町","0",NULL,NULL
"1971","0","6","06","063223","西川町","0",NULL,NULL
"1972","0","6","06","063231","朝日町","0",NULL,NULL
"1973","0","6","06","063240","大江町","0",NULL,NULL
"1974","0","6","06","063410","大石田町","0",NULL,NULL
"1975","0","6","06","063614","金山町","0",NULL,NULL
"1976","0","6","06","063622","最上町","0",NULL,NULL
"1977","0","6","06","063631","舟形町","0",NULL,NULL
"1978","0","6","06","063649","真室川町","0",NULL,NULL
"1979","0","6","06","063657","大蔵村","0",NULL,NULL
"1980","0","6","06","063665","鮭川村","0",NULL,NULL
"1981","0","6","06","063673","戸沢村","0",NULL,NULL
"1982","0","6","06","063819","高畠町","0",NULL,NULL
"1983","0","6","06","063827","川西町","0",NULL,NULL
"1984","0","6","06","064017","小国町","0",NULL,NULL
"1985","0","6","06","064025","白鷹町","0",NULL,NULL
"1986","0","6","06","064033","飯豊町","0",NULL,NULL
"1987","0","6","06","064262","三川町","0",NULL,NULL
"1988","0","6","06","064289","庄内町","0",NULL,NULL
"1989","0","6","06","064611","遊佐町","0",NULL,NULL
"1990","0","7","07","070009","福島県","1",NULL,NULL
"1991","0","7","07","072010","福島市","0",NULL,NULL
"1992","0","7","07","072028","会津若松市","0",NULL,NULL
"1993","0","7","07","072036","郡山市","0",NULL,NULL
"1994","0","7","07","072044","いわき市","0",NULL,NULL
"1995","0","7","07","072052","白河市","0",NULL,NULL
"1996","0","7","07","072079","須賀川市","0",NULL,NULL
"1997","0","7","07","072087","喜多方市","0",NULL,NULL
"1998","0","7","07","072095","相馬市","0",NULL,NULL
"1999","0","7","07","072109","二本松市","0",NULL,NULL
"2000","0","7","07","072117","田村市","0",NULL,NULL
"2001","0","7","07","072125","南相馬市","0",NULL,NULL
"2002","0","7","07","072133","伊達市","0",NULL,NULL
"2003","0","7","07","072141","本宮市","0",NULL,NULL
"2004","0","7","07","073016","桑折町","0",NULL,NULL
"2005","0","7","07","073032","国見町","0",NULL,NULL
"2006","0","7","07","073083","川俣町","0",NULL,NULL
"2007","0","7","07","073229","大玉村","0",NULL,NULL
"2008","0","7","07","073423","鏡石町","0",NULL,NULL
"2009","0","7","07","073440","天栄村","0",NULL,NULL
"2010","0","7","07","073628","下郷町","0",NULL,NULL
"2011","0","7","07","073644","檜枝岐村","0",NULL,NULL
"2012","0","7","07","073679","只見町","0",NULL,NULL
"2013","0","7","07","073687","南会津町","0",NULL,NULL
"2014","0","7","07","074021","北塩原村","0",NULL,NULL
"2015","0","7","07","074055","西会津町","0",NULL,NULL
"2016","0","7","07","074071","磐梯町","0",NULL,NULL
"2017","0","7","07","074080","猪苗代町","0",NULL,NULL
"2018","0","7","07","074217","会津坂下町","0",NULL,NULL
"2019","0","7","07","074225","湯川村","0",NULL,NULL
"2020","0","7","07","074233","柳津町","0",NULL,NULL
"2021","0","7","07","074446","三島町","0",NULL,NULL
"2022","0","7","07","074454","金山町","0",NULL,NULL
"2023","0","7","07","074462","昭和村","0",NULL,NULL
"2024","0","7","07","074471","会津美里町","0",NULL,NULL
"2025","0","7","07","074616","西郷村","0",NULL,NULL
"2026","0","7","07","074641","泉崎村","0",NULL,NULL
"2027","0","7","07","074659","中島村","0",NULL,NULL
"2028","0","7","07","074667","矢吹町","0",NULL,NULL
"2029","0","7","07","074811","棚倉町","0",NULL,NULL
"2030","0","7","07","074829","矢祭町","0",NULL,NULL
"2031","0","7","07","074837","塙町","0",NULL,NULL
"2032","0","7","07","074845","鮫川村","0",NULL,NULL
"2033","0","7","07","075019","石川町","0",NULL,NULL
"2034","0","7","07","075027","玉川村","0",NULL,NULL
"2035","0","7","07","075035","平田村","0",NULL,NULL
"2036","0","7","07","075043","浅川町","0",NULL,NULL
"2037","0","7","07","075051","古殿町","0",NULL,NULL
"2038","0","7","07","075213","三春町","0",NULL,NULL
"2039","0","7","07","075221","小野町","0",NULL,NULL
"2040","0","7","07","075418","広野町","0",NULL,NULL
"2041","0","7","07","075426","楢葉町","0",NULL,NULL
"2042","0","7","07","075434","富岡町","0",NULL,NULL
"2043","0","7","07","075442","川内村","0",NULL,NULL
"2044","0","7","07","075451","大熊町","0",NULL,NULL
"2045","0","7","07","075469","双葉町","0",NULL,NULL
"2046","0","7","07","075477","浪江町","0",NULL,NULL
"2047","0","7","07","075485","葛尾村","0",NULL,NULL
"2048","0","7","07","075612","新地町","0",NULL,NULL
"2049","0","7","07","075647","飯舘村","0",NULL,NULL
"2050","0","8","08","080004","茨城県","1",NULL,NULL
"2051","0","8","08","082015","水戸市","0",NULL,NULL
"2052","0","8","08","082023","日立市","0",NULL,NULL
"2053","0","8","08","082031","土浦市","0",NULL,NULL
"2054","0","8","08","082040","古河市","0",NULL,NULL
"2055","0","8","08","082058","石岡市","0",NULL,NULL
"2056","0","8","08","082074","結城市","0",NULL,NULL
"2057","0","8","08","082082","龍ケ崎市","0",NULL,NULL
"2058","0","8","08","082104","下妻市","0",NULL,NULL
"2059","0","8","08","082112","常総市","0",NULL,NULL
"2060","0","8","08","082121","常陸太田市","0",NULL,NULL
"2061","0","8","08","082147","高萩市","0",NULL,NULL
"2062","0","8","08","082155","北茨城市","0",NULL,NULL
"2063","0","8","08","082163","笠間市","0",NULL,NULL
"2064","0","8","08","082171","取手市","0",NULL,NULL
"2065","0","8","08","082198","牛久市","0",NULL,NULL
"2066","0","8","08","082201","つくば市","0",NULL,NULL
"2067","0","8","08","082210","ひたちなか市","0",NULL,NULL
"2068","0","8","08","082228","鹿嶋市","0",NULL,NULL
"2069","0","8","08","082236","潮来市","0",NULL,NULL
"2070","0","8","08","082244","守谷市","0",NULL,NULL
"2071","0","8","08","082252","常陸大宮市","0",NULL,NULL
"2072","0","8","08","082261","那珂市","0",NULL,NULL
"2073","0","8","08","082279","筑西市","0",NULL,NULL
"2074","0","8","08","082287","坂東市","0",NULL,NULL
"2075","0","8","08","082295","稲敷市","0",NULL,NULL
"2076","0","8","08","082309","かすみがうら市","0",NULL,NULL
"2077","0","8","08","082317","桜川市","0",NULL,NULL
"2078","0","8","08","082325","神栖市","0",NULL,NULL
"2079","0","8","08","082333","行方市","0",NULL,NULL
"2080","0","8","08","082341","鉾田市","0",NULL,NULL
"2081","0","8","08","082350","つくばみらい市","0",NULL,NULL
"2082","0","8","08","082368","小美玉市","0",NULL,NULL
"2083","0","8","08","083020","茨城町","0",NULL,NULL
"2084","0","8","08","083097","大洗町","0",NULL,NULL
"2085","0","8","08","083101","城里町","0",NULL,NULL
"2086","0","8","08","083411","東海村","0",NULL,NULL
"2087","0","8","08","083640","大子町","0",NULL,NULL
"2088","0","8","08","084425","美浦村","0",NULL,NULL
"2089","0","8","08","084433","阿見町","0",NULL,NULL
"2090","0","8","08","084476","河内町","0",NULL,NULL
"2091","0","8","08","085219","八千代町","0",NULL,NULL
"2092","0","8","08","085421","五霞町","0",NULL,NULL
"2093","0","8","08","085464","境町","0",NULL,NULL
"2094","0","8","08","085642","利根町","0",NULL,NULL
"2095","0","9","09","090000","栃木県","1",NULL,NULL
"2096","0","9","09","092011","宇都宮市","0",NULL,NULL
"2097","0","9","09","092029","足利市","0",NULL,NULL
"2098","0","9","09","092037","栃木市","0",NULL,NULL
"2099","0","9","09","092045","佐野市","0",NULL,NULL
"2100","0","9","09","092053","鹿沼市","0",NULL,NULL
"2101","0","9","09","092061","日光市","0",NULL,NULL
"2102","0","9","09","092088","小山市","0",NULL,NULL
"2103","0","9","09","092096","真岡市","0",NULL,NULL
"2104","0","9","09","092100","大田原市","0",NULL,NULL
"2105","0","9","09","092118","矢板市","0",NULL,NULL
"2106","0","9","09","092134","那須塩原市","0",NULL,NULL
"2107","0","9","09","092142","さくら市","0",NULL,NULL
"2108","0","9","09","092151","那須烏山市","0",NULL,NULL
"2109","0","9","09","092169","下野市","0",NULL,NULL
"2110","0","9","09","093017","上三川町","0",NULL,NULL
"2111","0","9","09","093424","益子町","0",NULL,NULL
"2112","0","9","09","093432","茂木町","0",NULL,NULL
"2113","0","9","09","093441","市貝町","0",NULL,NULL
"2114","0","9","09","093459","芳賀町","0",NULL,NULL
"2115","0","9","09","093611","壬生町","0",NULL,NULL
"2116","0","9","09","093645","野木町","0",NULL,NULL
"2117","0","9","09","093840","塩谷町","0",NULL,NULL
"2118","0","9","09","093866","高根沢町","0",NULL,NULL
"2119","0","9","09","094072","那須町","0",NULL,NULL
"2120","0","9","09","094111","那珂川町","0",NULL,NULL
"2121","0","10","10","100005","群馬県","1",NULL,NULL
"2122","0","10","10","102016","前橋市","0",NULL,NULL
"2123","0","10","10","102024","高崎市","0",NULL,NULL
"2124","0","10","10","102032","桐生市","0",NULL,NULL
"2125","0","10","10","102041","伊勢崎市","0",NULL,NULL
"2126","0","10","10","102059","太田市","0",NULL,NULL
"2127","0","10","10","102067","沼田市","0",NULL,NULL
"2128","0","10","10","102075","館林市","0",NULL,NULL
"2129","0","10","10","102083","渋川市","0",NULL,NULL
"2130","0","10","10","102091","藤岡市","0",NULL,NULL
"2131","0","10","10","102105","富岡市","0",NULL,NULL
"2132","0","10","10","102113","安中市","0",NULL,NULL
"2133","0","10","10","102121","みどり市","0",NULL,NULL
"2134","0","10","10","103446","榛東村","0",NULL,NULL
"2135","0","10","10","103454","吉岡町","0",NULL,NULL
"2136","0","10","10","103667","上野村","0",NULL,NULL
"2137","0","10","10","103675","神流町","0",NULL,NULL
"2138","0","10","10","103829","下仁田町","0",NULL,NULL
"2139","0","10","10","103837","南牧村","0",NULL,NULL
"2140","0","10","10","103845","甘楽町","0",NULL,NULL
"2141","0","10","10","104213","中之条町","0",NULL,NULL
"2142","0","10","10","104248","長野原町","0",NULL,NULL
"2143","0","10","10","104256","嬬恋村","0",NULL,NULL
"2144","0","10","10","104264","草津町","0",NULL,NULL
"2145","0","10","10","104281","高山村","0",NULL,NULL
"2146","0","10","10","104299","東吾妻町","0",NULL,NULL
"2147","0","10","10","104434","片品村","0",NULL,NULL
"2148","0","10","10","104442","川場村","0",NULL,NULL
"2149","0","10","10","104485","昭和村","0",NULL,NULL
"2150","0","10","10","104493","みなかみ町","0",NULL,NULL
"2151","0","10","10","104647","玉村町","0",NULL,NULL
"2152","0","10","10","105210","板倉町","0",NULL,NULL
"2153","0","10","10","105228","明和町","0",NULL,NULL
"2154","0","10","10","105236","千代田町","0",NULL,NULL
"2155","0","10","10","105244","大泉町","0",NULL,NULL
"2156","0","10","10","105252","邑楽町","0",NULL,NULL
"2157","0","11","11","110001","埼玉県","1",NULL,NULL
"2158","0","11","11","111007","さいたま市","0",NULL,NULL
"2159","0","11","11","112011","川越市","0",NULL,NULL
"2160","0","11","11","112020","熊谷市","0",NULL,NULL
"2161","0","11","11","112038","川口市","0",NULL,NULL
"2162","0","11","11","112062","行田市","0",NULL,NULL
"2163","0","11","11","112071","秩父市","0",NULL,NULL
"2164","0","11","11","112089","所沢市","0",NULL,NULL
"2165","0","11","11","112097","飯能市","0",NULL,NULL
"2166","0","11","11","112101","加須市","0",NULL,NULL
"2167","0","11","11","112119","本庄市","0",NULL,NULL
"2168","0","11","11","112127","東松山市","0",NULL,NULL
"2169","0","11","11","112143","春日部市","0",NULL,NULL
"2170","0","11","11","112151","狭山市","0",NULL,NULL
"2171","0","11","11","112160","羽生市","0",NULL,NULL
"2172","0","11","11","112178","鴻巣市","0",NULL,NULL
"2173","0","11","11","112186","深谷市","0",NULL,NULL
"2174","0","11","11","112194","上尾市","0",NULL,NULL
"2175","0","11","11","112216","草加市","0",NULL,NULL
"2176","0","11","11","112224","越谷市","0",NULL,NULL
"2177","0","11","11","112232","蕨市","0",NULL,NULL
"2178","0","11","11","112241","戸田市","0",NULL,NULL
"2179","0","11","11","112259","入間市","0",NULL,NULL
"2180","0","11","11","112275","朝霞市","0",NULL,NULL
"2181","0","11","11","112283","志木市","0",NULL,NULL
"2182","0","11","11","112291","和光市","0",NULL,NULL
"2183","0","11","11","112305","新座市","0",NULL,NULL
"2184","0","11","11","112313","桶川市","0",NULL,NULL
"2185","0","11","11","112321","久喜市","0",NULL,NULL
"2186","0","11","11","112330","北本市","0",NULL,NULL
"2187","0","11","11","112348","八潮市","0",NULL,NULL
"2188","0","11","11","112356","富士見市","0",NULL,NULL
"2189","0","11","11","112372","三郷市","0",NULL,NULL
"2190","0","11","11","112381","蓮田市","0",NULL,NULL
"2191","0","11","11","112399","坂戸市","0",NULL,NULL
"2192","0","11","11","112402","幸手市","0",NULL,NULL
"2193","0","11","11","112411","鶴ヶ島市","0",NULL,NULL
"2194","0","11","11","112429","日高市","0",NULL,NULL
"2195","0","11","11","112437","吉川市","0",NULL,NULL
"2196","0","11","11","112453","ふじみ野市","0",NULL,NULL
"2197","0","11","11","112461","白岡市","0",NULL,NULL
"2198","0","11","11","113018","伊奈町","0",NULL,NULL
"2199","0","11","11","113247","三芳町","0",NULL,NULL
"2200","0","11","11","113263","毛呂山町","0",NULL,NULL
"2201","0","11","11","113271","越生町","0",NULL,NULL
"2202","0","11","11","113417","滑川町","0",NULL,NULL
"2203","0","11","11","113425","嵐山町","0",NULL,NULL
"2204","0","11","11","113433","小川町","0",NULL,NULL
"2205","0","11","11","113468","川島町","0",NULL,NULL
"2206","0","11","11","113476","吉見町","0",NULL,NULL
"2207","0","11","11","113484","鳩山町","0",NULL,NULL
"2208","0","11","11","113492","ときがわ町","0",NULL,NULL
"2209","0","11","11","113611","横瀬町","0",NULL,NULL
"2210","0","11","11","113620","皆野町","0",NULL,NULL
"2211","0","11","11","113638","長瀞町","0",NULL,NULL
"2212","0","11","11","113654","小鹿野町","0",NULL,NULL
"2213","0","11","11","113697","東秩父村","0",NULL,NULL
"2214","0","11","11","113816","美里町","0",NULL,NULL
"2215","0","11","11","113832","神川町","0",NULL,NULL
"2216","0","11","11","113859","上里町","0",NULL,NULL
"2217","0","11","11","114081","寄居町","0",NULL,NULL
"2218","0","11","11","114421","宮代町","0",NULL,NULL
"2219","0","11","11","114642","杉戸町","0",NULL,NULL
"2220","0","11","11","114651","松伏町","0",NULL,NULL
"2221","0","12","12","120006","千葉県","1",NULL,NULL
"2222","0","12","12","121002","千葉市","0",NULL,NULL
"2223","0","12","12","122025","銚子市","0",NULL,NULL
"2224","0","12","12","122033","市川市","0",NULL,NULL
"2225","0","12","12","122041","船橋市","0",NULL,NULL
"2226","0","12","12","122050","館山市","0",NULL,NULL
"2227","0","12","12","122068","木更津市","0",NULL,NULL
"2228","0","12","12","122076","松戸市","0",NULL,NULL
"2229","0","12","12","122084","野田市","0",NULL,NULL
"2230","0","12","12","122106","茂原市","0",NULL,NULL
"2231","0","12","12","122114","成田市","0",NULL,NULL
"2232","0","12","12","122122","佐倉市","0",NULL,NULL
"2233","0","12","12","122131","東金市","0",NULL,NULL
"2234","0","12","12","122157","旭市","0",NULL,NULL
"2235","0","12","12","122165","習志野市","0",NULL,NULL
"2236","0","12","12","122173","柏市","0",NULL,NULL
"2237","0","12","12","122181","勝浦市","0",NULL,NULL
"2238","0","12","12","122190","市原市","0",NULL,NULL
"2239","0","12","12","122203","流山市","0",NULL,NULL
"2240","0","12","12","122211","八千代市","0",NULL,NULL
"2241","0","12","12","122220","我孫子市","0",NULL,NULL
"2242","0","12","12","122238","鴨川市","0",NULL,NULL
"2243","0","12","12","122246","鎌ケ谷市","0",NULL,NULL
"2244","0","12","12","122254","君津市","0",NULL,NULL
"2245","0","12","12","122262","富津市","0",NULL,NULL
"2246","0","12","12","122271","浦安市","0",NULL,NULL
"2247","0","12","12","122289","四街道市","0",NULL,NULL
"2248","0","12","12","122297","袖ケ浦市","0",NULL,NULL
"2249","0","12","12","122301","八街市","0",NULL,NULL
"2250","0","12","12","122319","印西市","0",NULL,NULL
"2251","0","12","12","122327","白井市","0",NULL,NULL
"2252","0","12","12","122335","富里市","0",NULL,NULL
"2253","0","12","12","122343","南房総市","0",NULL,NULL
"2254","0","12","12","122351","匝瑳市","0",NULL,NULL
"2255","0","12","12","122360","香取市","0",NULL,NULL
"2256","0","12","12","122378","山武市","0",NULL,NULL
"2257","0","12","12","122386","いすみ市","0",NULL,NULL
"2258","0","12","12","122394","大網白里市","0",NULL,NULL
"2259","0","12","12","123226","酒々井町","0",NULL,NULL
"2260","0","12","12","123293","栄町","0",NULL,NULL
"2261","0","12","12","123421","神崎町","0",NULL,NULL
"2262","0","12","12","123471","多古町","0",NULL,NULL
"2263","0","12","12","123498","東庄町","0",NULL,NULL
"2264","0","12","12","124036","九十九里町","0",NULL,NULL
"2265","0","12","12","124095","芝山町","0",NULL,NULL
"2266","0","12","12","124109","横芝光町","0",NULL,NULL
"2267","0","12","12","124214","一宮町","0",NULL,NULL
"2268","0","12","12","124222","睦沢町","0",NULL,NULL
"2269","0","12","12","124231","長生村","0",NULL,NULL
"2270","0","12","12","124249","白子町","0",NULL,NULL
"2271","0","12","12","124265","長柄町","0",NULL,NULL
"2272","0","12","12","124273","長南町","0",NULL,NULL
"2273","0","12","12","124419","大多喜町","0",NULL,NULL
"2274","0","12","12","124435","御宿町","0",NULL,NULL
"2275","0","12","12","124630","鋸南町","0",NULL,NULL
"2276","0","13","13","130001","東京都","1",NULL,NULL
"2277","0","13","13","131016","千代田区","0",NULL,NULL
"2278","0","13","13","131024","中央区","0",NULL,NULL
"2279","0","13","13","131032","港区","0",NULL,NULL
"2280","0","13","13","131041","新宿区","0",NULL,NULL
"2281","0","13","13","131059","文京区","0",NULL,NULL
"2282","0","13","13","131067","台東区","0",NULL,NULL
"2283","0","13","13","131075","墨田区","0",NULL,NULL
"2284","0","13","13","131083","江東区","0",NULL,NULL
"2285","0","13","13","131091","品川区","0",NULL,NULL
"2286","0","13","13","131105","目黒区","0",NULL,NULL
"2287","0","13","13","131113","大田区","0",NULL,NULL
"2288","0","13","13","131121","世田谷区","0",NULL,NULL
"2289","0","13","13","131130","渋谷区","0",NULL,NULL
"2290","0","13","13","131148","中野区","0",NULL,NULL
"2291","0","13","13","131156","杉並区","0",NULL,NULL
"2292","0","13","13","131164","豊島区","0",NULL,NULL
"2293","0","13","13","131172","北区","0",NULL,NULL
"2294","0","13","13","131181","荒川区","0",NULL,NULL
"2295","0","13","13","131199","板橋区","0",NULL,NULL
"2296","0","13","13","131202","練馬区","0",NULL,NULL
"2297","0","13","13","131211","足立区","0",NULL,NULL
"2298","0","13","13","131229","葛飾区","0",NULL,NULL
"2299","0","13","13","131237","江戸川区","0",NULL,NULL
"2300","0","13","13","132012","八王子市","0",NULL,NULL
"2301","0","13","13","132021","立川市","0",NULL,NULL
"2302","0","13","13","132039","武蔵野市","0",NULL,NULL
"2303","0","13","13","132047","三鷹市","0",NULL,NULL
"2304","0","13","13","132055","青梅市","0",NULL,NULL
"2305","0","13","13","132063","府中市","0",NULL,NULL
"2306","0","13","13","132071","昭島市","0",NULL,NULL
"2307","0","13","13","132080","調布市","0",NULL,NULL
"2308","0","13","13","132098","町田市","0",NULL,NULL
"2309","0","13","13","132101","小金井市","0",NULL,NULL
"2310","0","13","13","132110","小平市","0",NULL,NULL
"2311","0","13","13","132128","日野市","0",NULL,NULL
"2312","0","13","13","132136","東村山市","0",NULL,NULL
"2313","0","13","13","132144","国分寺市","0",NULL,NULL
"2314","0","13","13","132152","国立市","0",NULL,NULL
"2315","0","13","13","132187","福生市","0",NULL,NULL
"2316","0","13","13","132195","狛江市","0",NULL,NULL
"2317","0","13","13","132209","東大和市","0",NULL,NULL
"2318","0","13","13","132217","清瀬市","0",NULL,NULL
"2319","0","13","13","132225","東久留米市","0",NULL,NULL
"2320","0","13","13","132233","武蔵村山市","0",NULL,NULL
"2321","0","13","13","132241","多摩市","0",NULL,NULL
"2322","0","13","13","132250","稲城市","0",NULL,NULL
"2323","0","13","13","132276","羽村市","0",NULL,NULL
"2324","0","13","13","132284","あきる野市","0",NULL,NULL
"2325","0","13","13","132292","西東京市","0",NULL,NULL
"2326","0","13","13","133035","瑞穂町","0",NULL,NULL
"2327","0","13","13","133051","日の出町","0",NULL,NULL
"2328","0","13","13","133078","檜原村","0",NULL,NULL
"2329","0","13","13","133086","奥多摩町","0",NULL,NULL
"2330","0","13","13","133612","大島町","0",NULL,NULL
"2331","0","13","13","133621","利島村","0",NULL,NULL
"2332","0","13","13","133639","新島村","0",NULL,NULL
"2333","0","13","13","133647","神津島村","0",NULL,NULL
"2334","0","13","13","133817","三宅村","0",NULL,NULL
"2335","0","13","13","133825","御蔵島村","0",NULL,NULL
"2336","0","13","13","134015","八丈町","0",NULL,NULL
"2337","0","13","13","134023","青ヶ島村","0",NULL,NULL
"2338","0","13","13","134210","小笠原村","0",NULL,NULL
"2339","0","14","14","140007","神奈川県","1",NULL,NULL
"2340","0","14","14","141003","横浜市","0",NULL,NULL
"2341","0","14","14","141305","川崎市","0",NULL,NULL
"2342","0","14","14","141500","相模原市","0",NULL,NULL
"2343","0","14","14","142018","横須賀市","0",NULL,NULL
"2344","0","14","14","142034","平塚市","0",NULL,NULL
"2345","0","14","14","142042","鎌倉市","0",NULL,NULL
"2346","0","14","14","142051","藤沢市","0",NULL,NULL
"2347","0","14","14","142069","小田原市","0",NULL,NULL
"2348","0","14","14","142077","茅ヶ崎市","0",NULL,NULL
"2349","0","14","14","142085","逗子市","0",NULL,NULL
"2350","0","14","14","142107","三浦市","0",NULL,NULL
"2351","0","14","14","142115","秦野市","0",NULL,NULL
"2352","0","14","14","142123","厚木市","0",NULL,NULL
"2353","0","14","14","142131","大和市","0",NULL,NULL
"2354","0","14","14","142140","伊勢原市","0",NULL,NULL
"2355","0","14","14","142158","海老名市","0",NULL,NULL
"2356","0","14","14","142166","座間市","0",NULL,NULL
"2357","0","14","14","142174","南足柄市","0",NULL,NULL
"2358","0","14","14","142182","綾瀬市","0",NULL,NULL
"2359","0","14","14","143014","葉山町","0",NULL,NULL
"2360","0","14","14","143219","寒川町","0",NULL,NULL
"2361","0","14","14","143413","大磯町","0",NULL,NULL
"2362","0","14","14","143421","二宮町","0",NULL,NULL
"2363","0","14","14","143618","中井町","0",NULL,NULL
"2364","0","14","14","143626","大井町","0",NULL,NULL
"2365","0","14","14","143634","松田町","0",NULL,NULL
"2366","0","14","14","143642","山北町","0",NULL,NULL
"2367","0","14","14","143669","開成町","0",NULL,NULL
"2368","0","14","14","143821","箱根町","0",NULL,NULL
"2369","0","14","14","143839","真鶴町","0",NULL,NULL
"2370","0","14","14","143847","湯河原町","0",NULL,NULL
"2371","0","14","14","144011","愛川町","0",NULL,NULL
"2372","0","14","14","144029","清川村","0",NULL,NULL
"2373","0","15","15","150002","新潟県","1",NULL,NULL
"2374","0","15","15","151009","新潟市","0",NULL,NULL
"2375","0","15","15","152021","長岡市","0",NULL,NULL
"2376","0","15","15","152048","三条市","0",NULL,NULL
"2377","0","15","15","152056","柏崎市","0",NULL,NULL
"2378","0","15","15","152064","新発田市","0",NULL,NULL
"2379","0","15","15","152081","小千谷市","0",NULL,NULL
"2380","0","15","15","152099","加茂市","0",NULL,NULL
"2381","0","15","15","152102","十日町市","0",NULL,NULL
"2382","0","15","15","152111","見附市","0",NULL,NULL
"2383","0","15","15","152129","村上市","0",NULL,NULL
"2384","0","15","15","152137","燕市","0",NULL,NULL
"2385","0","15","15","152161","糸魚川市","0",NULL,NULL
"2386","0","15","15","152170","妙高市","0",NULL,NULL
"2387","0","15","15","152188","五泉市","0",NULL,NULL
"2388","0","15","15","152226","上越市","0",NULL,NULL
"2389","0","15","15","152234","阿賀野市","0",NULL,NULL
"2390","0","15","15","152242","佐渡市","0",NULL,NULL
"2391","0","15","15","152251","魚沼市","0",NULL,NULL
"2392","0","15","15","152269","南魚沼市","0",NULL,NULL
"2393","0","15","15","152277","胎内市","0",NULL,NULL
"2394","0","15","15","153079","聖籠町","0",NULL,NULL
"2395","0","15","15","153427","弥彦村","0",NULL,NULL
"2396","0","15","15","153613","田上町","0",NULL,NULL
"2397","0","15","15","153851","阿賀町","0",NULL,NULL
"2398","0","15","15","154059","出雲崎町","0",NULL,NULL
"2399","0","15","15","154610","湯沢町","0",NULL,NULL
"2400","0","15","15","154822","津南町","0",NULL,NULL
"2401","0","15","15","155047","刈羽村","0",NULL,NULL
"2402","0","15","15","155811","関川村","0",NULL,NULL
"2403","0","15","15","155861","粟島浦村","0",NULL,NULL
"2404","0","16","16","160008","富山県","1",NULL,NULL
"2405","0","16","16","162019","富山市","0",NULL,NULL
"2406","0","16","16","162027","高岡市","0",NULL,NULL
"2407","0","16","16","162043","魚津市","0",NULL,NULL
"2408","0","16","16","162051","氷見市","0",NULL,NULL
"2409","0","16","16","162060","滑川市","0",NULL,NULL
"2410","0","16","16","162078","黒部市","0",NULL,NULL
"2411","0","16","16","162086","砺波市","0",NULL,NULL
"2412","0","16","16","162094","小矢部市","0",NULL,NULL
"2413","0","16","16","162108","南砺市","0",NULL,NULL
"2414","0","16","16","162116","射水市","0",NULL,NULL
"2415","0","16","16","163210","舟橋村","0",NULL,NULL
"2416","0","16","16","163228","上市町","0",NULL,NULL
"2417","0","16","16","163236","立山町","0",NULL,NULL
"2418","0","16","16","163422","入善町","0",NULL,NULL
"2419","0","16","16","163431","朝日町","0",NULL,NULL
"2420","0","17","17","170003","石川県","1",NULL,NULL
"2421","0","17","17","172014","金沢市","0",NULL,NULL
"2422","0","17","17","172022","七尾市","0",NULL,NULL
"2423","0","17","17","172031","小松市","0",NULL,NULL
"2424","0","17","17","172049","輪島市","0",NULL,NULL
"2425","0","17","17","172057","珠洲市","0",NULL,NULL
"2426","0","17","17","172065","加賀市","0",NULL,NULL
"2427","0","17","17","172073","羽咋市","0",NULL,NULL
"2428","0","17","17","172090","かほく市","0",NULL,NULL
"2429","0","17","17","172103","白山市","0",NULL,NULL
"2430","0","17","17","172111","能美市","0",NULL,NULL
"2431","0","17","17","172120","野々市市","0",NULL,NULL
"2432","0","17","17","173240","川北町","0",NULL,NULL
"2433","0","17","17","173614","津幡町","0",NULL,NULL
"2434","0","17","17","173657","内灘町","0",NULL,NULL
"2435","0","17","17","173843","志賀町","0",NULL,NULL
"2436","0","17","17","173860","宝達志水町","0",NULL,NULL
"2437","0","17","17","174076","中能登町","0",NULL,NULL
"2438","0","17","17","174611","穴水町","0",NULL,NULL
"2439","0","17","17","174637","能登町","0",NULL,NULL
"2440","0","18","18","180009","福井県","1",NULL,NULL
"2441","0","18","18","182010","福井市","0",NULL,NULL
"2442","0","18","18","182028","敦賀市","0",NULL,NULL
"2443","0","18","18","182044","小浜市","0",NULL,NULL
"2444","0","18","18","182052","大野市","0",NULL,NULL
"2445","0","18","18","182061","勝山市","0",NULL,NULL
"2446","0","18","18","182079","鯖江市","0",NULL,NULL
"2447","0","18","18","182087","あわら市","0",NULL,NULL
"2448","0","18","18","182095","越前市","0",NULL,NULL
"2449","0","18","18","182109","坂井市","0",NULL,NULL
"2450","0","18","18","183229","永平寺町","0",NULL,NULL
"2451","0","18","18","183822","池田町","0",NULL,NULL
"2452","0","18","18","184047","南越前町","0",NULL,NULL
"2453","0","18","18","184233","越前町","0",NULL,NULL
"2454","0","18","18","184420","美浜町","0",NULL,NULL
"2455","0","18","18","184811","高浜町","0",NULL,NULL
"2456","0","18","18","184837","おおい町","0",NULL,NULL
"2457","0","18","18","185019","若狭町","0",NULL,NULL
"2458","0","19","19","190004","山梨県","1",NULL,NULL
"2459","0","19","19","192015","甲府市","0",NULL,NULL
"2460","0","19","19","192023","富士吉田市","0",NULL,NULL
"2461","0","19","19","192040","都留市","0",NULL,NULL
"2462","0","19","19","192058","山梨市","0",NULL,NULL
"2463","0","19","19","192066","大月市","0",NULL,NULL
"2464","0","19","19","192074","韮崎市","0",NULL,NULL
"2465","0","19","19","192082","南アルプス市","0",NULL,NULL
"2466","0","19","19","192091","北杜市","0",NULL,NULL
"2467","0","19","19","192104","甲斐市","0",NULL,NULL
"2468","0","19","19","192112","笛吹市","0",NULL,NULL
"2469","0","19","19","192121","上野原市","0",NULL,NULL
"2470","0","19","19","192139","甲州市","0",NULL,NULL
"2471","0","19","19","192147","中央市","0",NULL,NULL
"2472","0","19","19","193461","市川三郷町","0",NULL,NULL
"2473","0","19","19","193640","早川町","0",NULL,NULL
"2474","0","19","19","193658","身延町","0",NULL,NULL
"2475","0","19","19","193666","南部町","0",NULL,NULL
"2476","0","19","19","193682","富士川町","0",NULL,NULL
"2477","0","19","19","193844","昭和町","0",NULL,NULL
"2478","0","19","19","194221","道志村","0",NULL,NULL
"2479","0","19","19","194239","西桂町","0",NULL,NULL
"2480","0","19","19","194247","忍野村","0",NULL,NULL
"2481","0","19","19","194255","山中湖村","0",NULL,NULL
"2482","0","19","19","194298","鳴沢村","0",NULL,NULL
"2483","0","19","19","194301","富士河口湖町","0",NULL,NULL
"2484","0","19","19","194425","小菅村","0",NULL,NULL
"2485","0","19","19","194433","丹波山村","0",NULL,NULL
"2486","0","20","20","200000","長野県","1",NULL,NULL
"2487","0","20","20","202011","長野市","0",NULL,NULL
"2488","0","20","20","202029","松本市","0",NULL,NULL
"2489","0","20","20","202037","上田市","0",NULL,NULL
"2490","0","20","20","202045","岡谷市","0",NULL,NULL
"2491","0","20","20","202053","飯田市","0",NULL,NULL
"2492","0","20","20","202061","諏訪市","0",NULL,NULL
"2493","0","20","20","202070","須坂市","0",NULL,NULL
"2494","0","20","20","202088","小諸市","0",NULL,NULL
"2495","0","20","20","202096","伊那市","0",NULL,NULL
"2496","0","20","20","202100","駒ヶ根市","0",NULL,NULL
"2497","0","20","20","202118","中野市","0",NULL,NULL
"2498","0","20","20","202126","大町市","0",NULL,NULL
"2499","0","20","20","202134","飯山市","0",NULL,NULL
"2500","0","20","20","202142","茅野市","0",NULL,NULL
"2501","0","20","20","202151","塩尻市","0",NULL,NULL
"2502","0","20","20","202177","佐久市","0",NULL,NULL
"2503","0","20","20","202185","千曲市","0",NULL,NULL
"2504","0","20","20","202193","東御市","0",NULL,NULL
"2505","0","20","20","202207","安曇野市","0",NULL,NULL
"2506","0","20","20","203033","小海町","0",NULL,NULL
"2507","0","20","20","203041","川上村","0",NULL,NULL
"2508","0","20","20","203050","南牧村","0",NULL,NULL
"2509","0","20","20","203068","南相木村","0",NULL,NULL
"2510","0","20","20","203076","北相木村","0",NULL,NULL
"2511","0","20","20","203092","佐久穂町","0",NULL,NULL
"2512","0","20","20","203211","軽井沢町","0",NULL,NULL
"2513","0","20","20","203238","御代田町","0",NULL,NULL
"2514","0","20","20","203246","立科町","0",NULL,NULL
"2515","0","20","20","203491","青木村","0",NULL,NULL
"2516","0","20","20","203505","長和町","0",NULL,NULL
"2517","0","20","20","203611","下諏訪町","0",NULL,NULL
"2518","0","20","20","203629","富士見町","0",NULL,NULL
"2519","0","20","20","203637","原村","0",NULL,NULL
"2520","0","20","20","203823","辰野町","0",NULL,NULL
"2521","0","20","20","203831","箕輪町","0",NULL,NULL
"2522","0","20","20","203840","飯島町","0",NULL,NULL
"2523","0","20","20","203858","南箕輪村","0",NULL,NULL
"2524","0","20","20","203866","中川村","0",NULL,NULL
"2525","0","20","20","203882","宮田村","0",NULL,NULL
"2526","0","20","20","204021","松川町","0",NULL,NULL
"2527","0","20","20","204030","高森町","0",NULL,NULL
"2528","0","20","20","204048","阿南町","0",NULL,NULL
"2529","0","20","20","204072","阿智村","0",NULL,NULL
"2530","0","20","20","204099","平谷村","0",NULL,NULL
"2531","0","20","20","204102","根羽村","0",NULL,NULL
"2532","0","20","20","204111","下條村","0",NULL,NULL
"2533","0","20","20","204129","売木村","0",NULL,NULL
"2534","0","20","20","204137","天龍村","0",NULL,NULL
"2535","0","20","20","204145","泰阜村","0",NULL,NULL
"2536","0","20","20","204153","喬木村","0",NULL,NULL
"2537","0","20","20","204161","豊丘村","0",NULL,NULL
"2538","0","20","20","204170","大鹿村","0",NULL,NULL
"2539","0","20","20","204226","上松町","0",NULL,NULL
"2540","0","20","20","204234","南木曽町","0",NULL,NULL
"2541","0","20","20","204251","木祖村","0",NULL,NULL
"2542","0","20","20","204293","王滝村","0",NULL,NULL
"2543","0","20","20","204307","大桑村","0",NULL,NULL
"2544","0","20","20","204323","木曽町","0",NULL,NULL
"2545","0","20","20","204463","麻績村","0",NULL,NULL
"2546","0","20","20","204480","生坂村","0",NULL,NULL
"2547","0","20","20","204501","山形村","0",NULL,NULL
"2548","0","20","20","204510","朝日村","0",NULL,NULL
"2549","0","20","20","204528","筑北村","0",NULL,NULL
"2550","0","20","20","204811","池田町","0",NULL,NULL
"2551","0","20","20","204820","松川村","0",NULL,NULL
"2552","0","20","20","204854","白馬村","0",NULL,NULL
"2553","0","20","20","204862","小谷村","0",NULL,NULL
"2554","0","20","20","205214","坂城町","0",NULL,NULL
"2555","0","20","20","205419","小布施町","0",NULL,NULL
"2556","0","20","20","205435","高山村","0",NULL,NULL
"2557","0","20","20","205613","山ノ内町","0",NULL,NULL
"2558","0","20","20","205621","木島平村","0",NULL,NULL
"2559","0","20","20","205630","野沢温泉村","0",NULL,NULL
"2560","0","20","20","205834","信濃町","0",NULL,NULL
"2561","0","20","20","205885","小川村","0",NULL,NULL
"2562","0","20","20","205907","飯綱町","0",NULL,NULL
"2563","0","20","20","206024","栄村","0",NULL,NULL
"2564","0","21","21","210005","岐阜県","1",NULL,NULL
"2565","0","21","21","212016","岐阜市","0",NULL,NULL
"2566","0","21","21","212024","大垣市","0",NULL,NULL
"2567","0","21","21","212032","高山市","0",NULL,NULL
"2568","0","21","21","212041","多治見市","0",NULL,NULL
"2569","0","21","21","212059","関市","0",NULL,NULL
"2570","0","21","21","212067","中津川市","0",NULL,NULL
"2571","0","21","21","212075","美濃市","0",NULL,NULL
"2572","0","21","21","212083","瑞浪市","0",NULL,NULL
"2573","0","21","21","212091","羽島市","0",NULL,NULL
"2574","0","21","21","212105","恵那市","0",NULL,NULL
"2575","0","21","21","212113","美濃加茂市","0",NULL,NULL
"2576","0","21","21","212121","土岐市","0",NULL,NULL
"2577","0","21","21","212130","各務原市","0",NULL,NULL
"2578","0","21","21","212148","可児市","0",NULL,NULL
"2579","0","21","21","212156","山県市","0",NULL,NULL
"2580","0","21","21","212164","瑞穂市","0",NULL,NULL
"2581","0","21","21","212172","飛騨市","0",NULL,NULL
"2582","0","21","21","212181","本巣市","0",NULL,NULL
"2583","0","21","21","212199","郡上市","0",NULL,NULL
"2584","0","21","21","212202","下呂市","0",NULL,NULL
"2585","0","21","21","212211","海津市","0",NULL,NULL
"2586","0","21","21","213021","岐南町","0",NULL,NULL
"2587","0","21","21","213039","笠松町","0",NULL,NULL
"2588","0","21","21","213411","養老町","0",NULL,NULL
"2589","0","21","21","213616","垂井町","0",NULL,NULL
"2590","0","21","21","213624","関ケ原町","0",NULL,NULL
"2591","0","21","21","213811","神戸町","0",NULL,NULL
"2592","0","21","21","213829","輪之内町","0",NULL,NULL
"2593","0","21","21","213837","安八町","0",NULL,NULL
"2594","0","21","21","214019","揖斐川町","0",NULL,NULL
"2595","0","21","21","214035","大野町","0",NULL,NULL
"2596","0","21","21","214043","池田町","0",NULL,NULL
"2597","0","21","21","214213","北方町","0",NULL,NULL
"2598","0","21","21","215015","坂祝町","0",NULL,NULL
"2599","0","21","21","215023","富加町","0",NULL,NULL
"2600","0","21","21","215031","川辺町","0",NULL,NULL
"2601","0","21","21","215040","七宗町","0",NULL,NULL
"2602","0","21","21","215058","八百津町","0",NULL,NULL
"2603","0","21","21","215066","白川町","0",NULL,NULL
"2604","0","21","21","215074","東白川村","0",NULL,NULL
"2605","0","21","21","215210","御嵩町","0",NULL,NULL
"2606","0","21","21","216046","白川村","0",NULL,NULL
"2607","0","22","22","220001","静岡県","1",NULL,NULL
"2608","0","22","22","221007","静岡市","0",NULL,NULL
"2609","0","22","22","221309","浜松市","0",NULL,NULL
"2610","0","22","22","222038","沼津市","0",NULL,NULL
"2611","0","22","22","222054","熱海市","0",NULL,NULL
"2612","0","22","22","222062","三島市","0",NULL,NULL
"2613","0","22","22","222071","富士宮市","0",NULL,NULL
"2614","0","22","22","222089","伊東市","0",NULL,NULL
"2615","0","22","22","222097","島田市","0",NULL,NULL
"2616","0","22","22","222101","富士市","0",NULL,NULL
"2617","0","22","22","222119","磐田市","0",NULL,NULL
"2618","0","22","22","222127","焼津市","0",NULL,NULL
"2619","0","22","22","222135","掛川市","0",NULL,NULL
"2620","0","22","22","222143","藤枝市","0",NULL,NULL
"2621","0","22","22","222151","御殿場市","0",NULL,NULL
"2622","0","22","22","222160","袋井市","0",NULL,NULL
"2623","0","22","22","222194","下田市","0",NULL,NULL
"2624","0","22","22","222208","裾野市","0",NULL,NULL
"2625","0","22","22","222216","湖西市","0",NULL,NULL
"2626","0","22","22","222224","伊豆市","0",NULL,NULL
"2627","0","22","22","222232","御前崎市","0",NULL,NULL
"2628","0","22","22","222241","菊川市","0",NULL,NULL
"2629","0","22","22","222259","伊豆の国市","0",NULL,NULL
"2630","0","22","22","222267","牧之原市","0",NULL,NULL
"2631","0","22","22","223018","東伊豆町","0",NULL,NULL
"2632","0","22","22","223026","河津町","0",NULL,NULL
"2633","0","22","22","223042","南伊豆町","0",NULL,NULL
"2634","0","22","22","223051","松崎町","0",NULL,NULL
"2635","0","22","22","223069","西伊豆町","0",NULL,NULL
"2636","0","22","22","223255","函南町","0",NULL,NULL
"2637","0","22","22","223417","清水町","0",NULL,NULL
"2638","0","22","22","223425","長泉町","0",NULL,NULL
"2639","0","22","22","223441","小山町","0",NULL,NULL
"2640","0","22","22","224243","吉田町","0",NULL,NULL
"2641","0","22","22","224294","川根本町","0",NULL,NULL
"2642","0","22","22","224618","森町","0",NULL,NULL
"2643","0","23","23","230006","愛知県","1",NULL,NULL
"2644","0","23","23","231002","名古屋市","0",NULL,NULL
"2645","0","23","23","232017","豊橋市","0",NULL,NULL
"2646","0","23","23","232025","岡崎市","0",NULL,NULL
"2647","0","23","23","232033","一宮市","0",NULL,NULL
"2648","0","23","23","232041","瀬戸市","0",NULL,NULL
"2649","0","23","23","232050","半田市","0",NULL,NULL
"2650","0","23","23","232068","春日井市","0",NULL,NULL
"2651","0","23","23","232076","豊川市","0",NULL,NULL
"2652","0","23","23","232084","津島市","0",NULL,NULL
"2653","0","23","23","232092","碧南市","0",NULL,NULL
"2654","0","23","23","232106","刈谷市","0",NULL,NULL
"2655","0","23","23","232114","豊田市","0",NULL,NULL
"2656","0","23","23","232122","安城市","0",NULL,NULL
"2657","0","23","23","232131","西尾市","0",NULL,NULL
"2658","0","23","23","232149","蒲郡市","0",NULL,NULL
"2659","0","23","23","232157","犬山市","0",NULL,NULL
"2660","0","23","23","232165","常滑市","0",NULL,NULL
"2661","0","23","23","232173","江南市","0",NULL,NULL
"2662","0","23","23","232190","小牧市","0",NULL,NULL
"2663","0","23","23","232203","稲沢市","0",NULL,NULL
"2664","0","23","23","232211","新城市","0",NULL,NULL
"2665","0","23","23","232220","東海市","0",NULL,NULL
"2666","0","23","23","232238","大府市","0",NULL,NULL
"2667","0","23","23","232246","知多市","0",NULL,NULL
"2668","0","23","23","232254","知立市","0",NULL,NULL
"2669","0","23","23","232262","尾張旭市","0",NULL,NULL
"2670","0","23","23","232271","高浜市","0",NULL,NULL
"2671","0","23","23","232289","岩倉市","0",NULL,NULL
"2672","0","23","23","232297","豊明市","0",NULL,NULL
"2673","0","23","23","232301","日進市","0",NULL,NULL
"2674","0","23","23","232319","田原市","0",NULL,NULL
"2675","0","23","23","232327","愛西市","0",NULL,NULL
"2676","0","23","23","232335","清須市","0",NULL,NULL
"2677","0","23","23","232343","北名古屋市","0",NULL,NULL
"2678","0","23","23","232351","弥富市","0",NULL,NULL
"2679","0","23","23","232360","みよし市","0",NULL,NULL
"2680","0","23","23","232378","あま市","0",NULL,NULL
"2681","0","23","23","232386","長久手市","0",NULL,NULL
"2682","0","23","23","233021","東郷町","0",NULL,NULL
"2683","0","23","23","233421","豊山町","0",NULL,NULL
"2684","0","23","23","233617","大口町","0",NULL,NULL
"2685","0","23","23","233625","扶桑町","0",NULL,NULL
"2686","0","23","23","234249","大治町","0",NULL,NULL
"2687","0","23","23","234257","蟹江町","0",NULL,NULL
"2688","0","23","23","234273","飛島村","0",NULL,NULL
"2689","0","23","23","234419","阿久比町","0",NULL,NULL
"2690","0","23","23","234427","東浦町","0",NULL,NULL
"2691","0","23","23","234451","南知多町","0",NULL,NULL
"2692","0","23","23","234460","美浜町","0",NULL,NULL
"2693","0","23","23","234478","武豊町","0",NULL,NULL
"2694","0","23","23","235016","幸田町","0",NULL,NULL
"2695","0","23","23","235610","設楽町","0",NULL,NULL
"2696","0","23","23","235628","東栄町","0",NULL,NULL
"2697","0","23","23","235636","豊根村","0",NULL,NULL
"2698","0","24","24","240001","三重県","1",NULL,NULL
"2699","0","24","24","242012","津市","0",NULL,NULL
"2700","0","24","24","242021","四日市市","0",NULL,NULL
"2701","0","24","24","242039","伊勢市","0",NULL,NULL
"2702","0","24","24","242047","松阪市","0",NULL,NULL
"2703","0","24","24","242055","桑名市","0",NULL,NULL
"2704","0","24","24","242071","鈴鹿市","0",NULL,NULL
"2705","0","24","24","242080","名張市","0",NULL,NULL
"2706","0","24","24","242098","尾鷲市","0",NULL,NULL
"2707","0","24","24","242101","亀山市","0",NULL,NULL
"2708","0","24","24","242110","鳥羽市","0",NULL,NULL
"2709","0","24","24","242128","熊野市","0",NULL,NULL
"2710","0","24","24","242144","いなべ市","0",NULL,NULL
"2711","0","24","24","242152","志摩市","0",NULL,NULL
"2712","0","24","24","242161","伊賀市","0",NULL,NULL
"2713","0","24","24","243035","木曽岬町","0",NULL,NULL
"2714","0","24","24","243248","東員町","0",NULL,NULL
"2715","0","24","24","243418","菰野町","0",NULL,NULL
"2716","0","24","24","243434","朝日町","0",NULL,NULL
"2717","0","24","24","243442","川越町","0",NULL,NULL
"2718","0","24","24","244414","多気町","0",NULL,NULL
"2719","0","24","24","244422","明和町","0",NULL,NULL
"2720","0","24","24","244431","大台町","0",NULL,NULL
"2721","0","24","24","244619","玉城町","0",NULL,NULL
"2722","0","24","24","244708","度会町","0",NULL,NULL
"2723","0","24","24","244716","大紀町","0",NULL,NULL
"2724","0","24","24","244724","南伊勢町","0",NULL,NULL
"2725","0","24","24","245437","紀北町","0",NULL,NULL
"2726","0","24","24","245615","御浜町","0",NULL,NULL
"2727","0","24","24","245623","紀宝町","0",NULL,NULL
"2728","0","25","25","250007","滋賀県","1",NULL,NULL
"2729","0","25","25","252018","大津市","0",NULL,NULL
"2730","0","25","25","252026","彦根市","0",NULL,NULL
"2731","0","25","25","252034","長浜市","0",NULL,NULL
"2732","0","25","25","252042","近江八幡市","0",NULL,NULL
"2733","0","25","25","252069","草津市","0",NULL,NULL
"2734","0","25","25","252077","守山市","0",NULL,NULL
"2735","0","25","25","252085","栗東市","0",NULL,NULL
"2736","0","25","25","252093","甲賀市","0",NULL,NULL
"2737","0","25","25","252107","野洲市","0",NULL,NULL
"2738","0","25","25","252115","湖南市","0",NULL,NULL
"2739","0","25","25","252123","高島市","0",NULL,NULL
"2740","0","25","25","252131","東近江市","0",NULL,NULL
"2741","0","25","25","252140","米原市","0",NULL,NULL
"2742","0","25","25","253839","日野町","0",NULL,NULL
"2743","0","25","25","253847","竜王町","0",NULL,NULL
"2744","0","25","25","254258","愛荘町","0",NULL,NULL
"2745","0","25","25","254410","豊郷町","0",NULL,NULL
"2746","0","25","25","254428","甲良町","0",NULL,NULL
"2747","0","25","25","254436","多賀町","0",NULL,NULL
"2748","0","26","26","260002","京都府","1",NULL,NULL
"2749","0","26","26","261009","京都市","0",NULL,NULL
"2750","0","26","26","262013","福知山市","0",NULL,NULL
"2751","0","26","26","262021","舞鶴市","0",NULL,NULL
"2752","0","26","26","262030","綾部市","0",NULL,NULL
"2753","0","26","26","262048","宇治市","0",NULL,NULL
"2754","0","26","26","262056","宮津市","0",NULL,NULL
"2755","0","26","26","262064","亀岡市","0",NULL,NULL
"2756","0","26","26","262072","城陽市","0",NULL,NULL
"2757","0","26","26","262081","向日市","0",NULL,NULL
"2758","0","26","26","262099","長岡京市","0",NULL,NULL
"2759","0","26","26","262102","八幡市","0",NULL,NULL
"2760","0","26","26","262111","京田辺市","0",NULL,NULL
"2761","0","26","26","262129","京丹後市","0",NULL,NULL
"2762","0","26","26","262137","南丹市","0",NULL,NULL
"2763","0","26","26","262145","木津川市","0",NULL,NULL
"2764","0","26","26","263036","大山崎町","0",NULL,NULL
"2765","0","26","26","263222","久御山町","0",NULL,NULL
"2766","0","26","26","263435","井手町","0",NULL,NULL
"2767","0","26","26","263443","宇治田原町","0",NULL,NULL
"2768","0","26","26","263648","笠置町","0",NULL,NULL
"2769","0","26","26","263656","和束町","0",NULL,NULL
"2770","0","26","26","263664","精華町","0",NULL,NULL
"2771","0","26","26","263672","南山城村","0",NULL,NULL
"2772","0","26","26","264075","京丹波町","0",NULL,NULL
"2773","0","26","26","264636","伊根町","0",NULL,NULL
"2774","0","26","26","264652","与謝野町","0",NULL,NULL
"2775","0","27","27","270008","大阪府","1",NULL,NULL
"2776","0","27","27","271004","大阪市","0",NULL,NULL
"2777","0","27","27","271403","堺市","0",NULL,NULL
"2778","0","27","27","272027","岸和田市","0",NULL,NULL
"2779","0","27","27","272035","豊中市","0",NULL,NULL
"2780","0","27","27","272043","池田市","0",NULL,NULL
"2781","0","27","27","272051","吹田市","0",NULL,NULL
"2782","0","27","27","272060","泉大津市","0",NULL,NULL
"2783","0","27","27","272078","高槻市","0",NULL,NULL
"2784","0","27","27","272086","貝塚市","0",NULL,NULL
"2785","0","27","27","272094","守口市","0",NULL,NULL
"2786","0","27","27","272108","枚方市","0",NULL,NULL
"2787","0","27","27","272116","茨木市","0",NULL,NULL
"2788","0","27","27","272124","八尾市","0",NULL,NULL
"2789","0","27","27","272132","泉佐野市","0",NULL,NULL
"2790","0","27","27","272141","富田林市","0",NULL,NULL
"2791","0","27","27","272159","寝屋川市","0",NULL,NULL
"2792","0","27","27","272167","河内長野市","0",NULL,NULL
"2793","0","27","27","272175","松原市","0",NULL,NULL
"2794","0","27","27","272183","大東市","0",NULL,NULL
"2795","0","27","27","272191","和泉市","0",NULL,NULL
"2796","0","27","27","272205","箕面市","0",NULL,NULL
"2797","0","27","27","272213","柏原市","0",NULL,NULL
"2798","0","27","27","272221","羽曳野市","0",NULL,NULL
"2799","0","27","27","272230","門真市","0",NULL,NULL
"2800","0","27","27","272248","摂津市","0",NULL,NULL
"2801","0","27","27","272256","高石市","0",NULL,NULL
"2802","0","27","27","272264","藤井寺市","0",NULL,NULL
"2803","0","27","27","272272","東大阪市","0",NULL,NULL
"2804","0","27","27","272281","泉南市","0",NULL,NULL
"2805","0","27","27","272299","四條畷市","0",NULL,NULL
"2806","0","27","27","272302","交野市","0",NULL,NULL
"2807","0","27","27","272311","大阪狭山市","0",NULL,NULL
"2808","0","27","27","272329","阪南市","0",NULL,NULL
"2809","0","27","27","273015","島本町","0",NULL,NULL
"2810","0","27","27","273210","豊能町","0",NULL,NULL
"2811","0","27","27","273228","能勢町","0",NULL,NULL
"2812","0","27","27","273414","忠岡町","0",NULL,NULL
"2813","0","27","27","273619","熊取町","0",NULL,NULL
"2814","0","27","27","273627","田尻町","0",NULL,NULL
"2815","0","27","27","273660","岬町","0",NULL,NULL
"2816","0","27","27","273813","太子町","0",NULL,NULL
"2817","0","27","27","273821","河南町","0",NULL,NULL
"2818","0","27","27","273830","千早赤阪村","0",NULL,NULL
"2819","0","28","28","280003","兵庫県","1",NULL,NULL
"2820","0","28","28","281000","神戸市","0",NULL,NULL
"2821","0","28","28","282014","姫路市","0",NULL,NULL
"2822","0","28","28","282022","尼崎市","0",NULL,NULL
"2823","0","28","28","282031","明石市","0",NULL,NULL
"2824","0","28","28","282049","西宮市","0",NULL,NULL
"2825","0","28","28","282057","洲本市","0",NULL,NULL
"2826","0","28","28","282065","芦屋市","0",NULL,NULL
"2827","0","28","28","282073","伊丹市","0",NULL,NULL
"2828","0","28","28","282081","相生市","0",NULL,NULL
"2829","0","28","28","282090","豊岡市","0",NULL,NULL
"2830","0","28","28","282103","加古川市","0",NULL,NULL
"2831","0","28","28","282120","赤穂市","0",NULL,NULL
"2832","0","28","28","282138","西脇市","0",NULL,NULL
"2833","0","28","28","282146","宝塚市","0",NULL,NULL
"2834","0","28","28","282154","三木市","0",NULL,NULL
"2835","0","28","28","282162","高砂市","0",NULL,NULL
"2836","0","28","28","282171","川西市","0",NULL,NULL
"2837","0","28","28","282189","小野市","0",NULL,NULL
"2838","0","28","28","282197","三田市","0",NULL,NULL
"2839","0","28","28","282201","加西市","0",NULL,NULL
"2840","0","28","28","282219","丹波篠山市","0",NULL,NULL
"2841","0","28","28","282227","養父市","0",NULL,NULL
"2842","0","28","28","282235","丹波市","0",NULL,NULL
"2843","0","28","28","282243","南あわじ市","0",NULL,NULL
"2844","0","28","28","282251","朝来市","0",NULL,NULL
"2845","0","28","28","282260","淡路市","0",NULL,NULL
"2846","0","28","28","282278","宍粟市","0",NULL,NULL
"2847","0","28","28","282286","加東市","0",NULL,NULL
"2848","0","28","28","282294","たつの市","0",NULL,NULL
"2849","0","28","28","283011","猪名川町","0",NULL,NULL
"2850","0","28","28","283657","多可町","0",NULL,NULL
"2851","0","28","28","283819","稲美町","0",NULL,NULL
"2852","0","28","28","283827","播磨町","0",NULL,NULL
"2853","0","28","28","284424","市川町","0",NULL,NULL
"2854","0","28","28","284432","福崎町","0",NULL,NULL
"2855","0","28","28","284467","神河町","0",NULL,NULL
"2856","0","28","28","284645","太子町","0",NULL,NULL
"2857","0","28","28","284815","上郡町","0",NULL,NULL
"2858","0","28","28","285013","佐用町","0",NULL,NULL
"2859","0","28","28","285854","香美町","0",NULL,NULL
"2860","0","28","28","285862","新温泉町","0",NULL,NULL
"2861","0","29","29","290009","奈良県","1",NULL,NULL
"2862","0","29","29","292010","奈良市","0",NULL,NULL
"2863","0","29","29","292028","大和高田市","0",NULL,NULL
"2864","0","29","29","292036","大和郡山市","0",NULL,NULL
"2865","0","29","29","292044","天理市","0",NULL,NULL
"2866","0","29","29","292052","橿原市","0",NULL,NULL
"2867","0","29","29","292061","桜井市","0",NULL,NULL
"2868","0","29","29","292079","五條市","0",NULL,NULL
"2869","0","29","29","292087","御所市","0",NULL,NULL
"2870","0","29","29","292095","生駒市","0",NULL,NULL
"2871","0","29","29","292109","香芝市","0",NULL,NULL
"2872","0","29","29","292117","葛城市","0",NULL,NULL
"2873","0","29","29","292125","宇陀市","0",NULL,NULL
"2874","0","29","29","293229","山添村","0",NULL,NULL
"2875","0","29","29","293423","平群町","0",NULL,NULL
"2876","0","29","29","293431","三郷町","0",NULL,NULL
"2877","0","29","29","293440","斑鳩町","0",NULL,NULL
"2878","0","29","29","293458","安堵町","0",NULL,NULL
"2879","0","29","29","293610","川西町","0",NULL,NULL
"2880","0","29","29","293628","三宅町","0",NULL,NULL
"2881","0","29","29","293636","田原本町","0",NULL,NULL
"2882","0","29","29","293857","曽爾村","0",NULL,NULL
"2883","0","29","29","293865","御杖村","0",NULL,NULL
"2884","0","29","29","294012","高取町","0",NULL,NULL
"2885","0","29","29","294021","明日香村","0",NULL,NULL
"2886","0","29","29","294241","上牧町","0",NULL,NULL
"2887","0","29","29","294250","王寺町","0",NULL,NULL
"2888","0","29","29","294268","広陵町","0",NULL,NULL
"2889","0","29","29","294276","河合町","0",NULL,NULL
"2890","0","29","29","294411","吉野町","0",NULL,NULL
"2891","0","29","29","294420","大淀町","0",NULL,NULL
"2892","0","29","29","294438","下市町","0",NULL,NULL
"2893","0","29","29","294446","黒滝村","0",NULL,NULL
"2894","0","29","29","294462","天川村","0",NULL,NULL
"2895","0","29","29","294471","野迫川村","0",NULL,NULL
"2896","0","29","29","294497","十津川村","0",NULL,NULL
"2897","0","29","29","294501","下北山村","0",NULL,NULL
"2898","0","29","29","294519","上北山村","0",NULL,NULL
"2899","0","29","29","294527","川上村","0",NULL,NULL
"2900","0","29","29","294535","東吉野村","0",NULL,NULL
"2901","0","30","30","300004","和歌山県","1",NULL,NULL
"2902","0","30","30","302015","和歌山市","0",NULL,NULL
"2903","0","30","30","302023","海南市","0",NULL,NULL
"2904","0","30","30","302031","橋本市","0",NULL,NULL
"2905","0","30","30","302040","有田市","0",NULL,NULL
"2906","0","30","30","302058","御坊市","0",NULL,NULL
"2907","0","30","30","302066","田辺市","0",NULL,NULL
"2908","0","30","30","302074","新宮市","0",NULL,NULL
"2909","0","30","30","302082","紀の川市","0",NULL,NULL
"2910","0","30","30","302091","岩出市","0",NULL,NULL
"2911","0","30","30","303046","紀美野町","0",NULL,NULL
"2912","0","30","30","303411","かつらぎ町","0",NULL,NULL
"2913","0","30","30","303437","九度山町","0",NULL,NULL
"2914","0","30","30","303445","高野町","0",NULL,NULL
"2915","0","30","30","303615","湯浅町","0",NULL,NULL
"2916","0","30","30","303623","広川町","0",NULL,NULL
"2917","0","30","30","303666","有田川町","0",NULL,NULL
"2918","0","30","30","303810","美浜町","0",NULL,NULL
"2919","0","30","30","303828","日高町","0",NULL,NULL
"2920","0","30","30","303836","由良町","0",NULL,NULL
"2921","0","30","30","303909","印南町","0",NULL,NULL
"2922","0","30","30","303917","みなべ町","0",NULL,NULL
"2923","0","30","30","303925","日高川町","0",NULL,NULL
"2924","0","30","30","304018","白浜町","0",NULL,NULL
"2925","0","30","30","304042","上富田町","0",NULL,NULL
"2926","0","30","30","304069","すさみ町","0",NULL,NULL
"2927","0","30","30","304212","那智勝浦町","0",NULL,NULL
"2928","0","30","30","304221","太地町","0",NULL,NULL
"2929","0","30","30","304247","古座川町","0",NULL,NULL
"2930","0","30","30","304271","北山村","0",NULL,NULL
"2931","0","30","30","304280","串本町","0",NULL,NULL
"2932","0","31","31","310000","鳥取県","1",NULL,NULL
"2933","0","31","31","312011","鳥取市","0",NULL,NULL
"2934","0","31","31","312029","米子市","0",NULL,NULL
"2935","0","31","31","312037","倉吉市","0",NULL,NULL
"2936","0","31","31","312045","境港市","0",NULL,NULL
"2937","0","31","31","313025","岩美町","0",NULL,NULL
"2938","0","31","31","313254","若桜町","0",NULL,NULL
"2939","0","31","31","313289","智頭町","0",NULL,NULL
"2940","0","31","31","313297","八頭町","0",NULL,NULL
"2941","0","31","31","313645","三朝町","0",NULL,NULL
"2942","0","31","31","313700","湯梨浜町","0",NULL,NULL
"2943","0","31","31","313718","琴浦町","0",NULL,NULL
"2944","0","31","31","313726","北栄町","0",NULL,NULL
"2945","0","31","31","313840","日吉津村","0",NULL,NULL
"2946","0","31","31","313866","大山町","0",NULL,NULL
"2947","0","31","31","313891","南部町","0",NULL,NULL
"2948","0","31","31","313904","伯耆町","0",NULL,NULL
"2949","0","31","31","314013","日南町","0",NULL,NULL
"2950","0","31","31","314021","日野町","0",NULL,NULL
"2951","0","31","31","314030","江府町","0",NULL,NULL
"2952","0","32","32","320005","島根県","1",NULL,NULL
"2953","0","32","32","322016","松江市","0",NULL,NULL
"2954","0","32","32","322024","浜田市","0",NULL,NULL
"2955","0","32","32","322032","出雲市","0",NULL,NULL
"2956","0","32","32","322041","益田市","0",NULL,NULL
"2957","0","32","32","322059","大田市","0",NULL,NULL
"2958","0","32","32","322067","安来市","0",NULL,NULL
"2959","0","32","32","322075","江津市","0",NULL,NULL
"2960","0","32","32","322091","雲南市","0",NULL,NULL
"2961","0","32","32","323438","奥出雲町","0",NULL,NULL
"2962","0","32","32","323861","飯南町","0",NULL,NULL
"2963","0","32","32","324418","川本町","0",NULL,NULL
"2964","0","32","32","324485","美郷町","0",NULL,NULL
"2965","0","32","32","324493","邑南町","0",NULL,NULL
"2966","0","32","32","325015","津和野町","0",NULL,NULL
"2967","0","32","32","325058","吉賀町","0",NULL,NULL
"2968","0","32","32","325252","海士町","0",NULL,NULL
"2969","0","32","32","325261","西ノ島町","0",NULL,NULL
"2970","0","32","32","325279","知夫村","0",NULL,NULL
"2971","0","32","32","325287","隠岐の島町","0",NULL,NULL
"2972","0","33","33","330001","岡山県","1",NULL,NULL
"2973","0","33","33","331007","岡山市","0",NULL,NULL
"2974","0","33","33","332020","倉敷市","0",NULL,NULL
"2975","0","33","33","332038","津山市","0",NULL,NULL
"2976","0","33","33","332046","玉野市","0",NULL,NULL
"2977","0","33","33","332054","笠岡市","0",NULL,NULL
"2978","0","33","33","332071","井原市","0",NULL,NULL
"2979","0","33","33","332089","総社市","0",NULL,NULL
"2980","0","33","33","332097","高梁市","0",NULL,NULL
"2981","0","33","33","332101","新見市","0",NULL,NULL
"2982","0","33","33","332119","備前市","0",NULL,NULL
"2983","0","33","33","332127","瀬戸内市","0",NULL,NULL
"2984","0","33","33","332135","赤磐市","0",NULL,NULL
"2985","0","33","33","332143","真庭市","0",NULL,NULL
"2986","0","33","33","332151","美作市","0",NULL,NULL
"2987","0","33","33","332160","浅口市","0",NULL,NULL
"2988","0","33","33","333468","和気町","0",NULL,NULL
"2989","0","33","33","334235","早島町","0",NULL,NULL
"2990","0","33","33","334456","里庄町","0",NULL,NULL
"2991","0","33","33","334618","矢掛町","0",NULL,NULL
"2992","0","33","33","335860","新庄村","0",NULL,NULL
"2993","0","33","33","336068","鏡野町","0",NULL,NULL
"2994","0","33","33","336220","勝央町","0",NULL,NULL
"2995","0","33","33","336238","奈義町","0",NULL,NULL
"2996","0","33","33","336432","西粟倉村","0",NULL,NULL
"2997","0","33","33","336637","久米南町","0",NULL,NULL
"2998","0","33","33","336661","美咲町","0",NULL,NULL
"2999","0","33","33","336815","吉備中央町","0",NULL,NULL
"3000","0","34","34","340006","広島県","1",NULL,NULL
"3001","0","34","34","341002","広島市","0",NULL,NULL
"3002","0","34","34","342025","呉市","0",NULL,NULL
"3003","0","34","34","342033","竹原市","0",NULL,NULL
"3004","0","34","34","342041","三原市","0",NULL,NULL
"3005","0","34","34","342050","尾道市","0",NULL,NULL
"3006","0","34","34","342076","福山市","0",NULL,NULL
"3007","0","34","34","342084","府中市","0",NULL,NULL
"3008","0","34","34","342092","三次市","0",NULL,NULL
"3009","0","34","34","342106","庄原市","0",NULL,NULL
"3010","0","34","34","342114","大竹市","0",NULL,NULL
"3011","0","34","34","342122","東広島市","0",NULL,NULL
"3012","0","34","34","342131","廿日市市","0",NULL,NULL
"3013","0","34","34","342149","安芸高田市","0",NULL,NULL
"3014","0","34","34","342157","江田島市","0",NULL,NULL
"3015","0","34","34","343021","府中町","0",NULL,NULL
"3016","0","34","34","343048","海田町","0",NULL,NULL
"3017","0","34","34","343072","熊野町","0",NULL,NULL
"3018","0","34","34","343099","坂町","0",NULL,NULL
"3019","0","34","34","343684","安芸太田町","0",NULL,NULL
"3020","0","34","34","343692","北広島町","0",NULL,NULL
"3021","0","34","34","344311","大崎上島町","0",NULL,NULL
"3022","0","34","34","344621","世羅町","0",NULL,NULL
"3023","0","34","34","345458","神石高原町","0",NULL,NULL
"3024","0","35","35","350001","山口県","1",NULL,NULL
"3025","0","35","35","352012","下関市","0",NULL,NULL
"3026","0","35","35","352021","宇部市","0",NULL,NULL
"3027","0","35","35","352039","山口市","0",NULL,NULL
"3028","0","35","35","352047","萩市","0",NULL,NULL
"3029","0","35","35","352063","防府市","0",NULL,NULL
"3030","0","35","35","352071","下松市","0",NULL,NULL
"3031","0","35","35","352080","岩国市","0",NULL,NULL
"3032","0","35","35","352101","光市","0",NULL,NULL
"3033","0","35","35","352110","長門市","0",NULL,NULL
"3034","0","35","35","352128","柳井市","0",NULL,NULL
"3035","0","35","35","352136","美祢市","0",NULL,NULL
"3036","0","35","35","352152","周南市","0",NULL,NULL
"3037","0","35","35","352161","山陽小野田市","0",NULL,NULL
"3038","0","35","35","353051","周防大島町","0",NULL,NULL
"3039","0","35","35","353213","和木町","0",NULL,NULL
"3040","0","35","35","353418","上関町","0",NULL,NULL
"3041","0","35","35","353434","田布施町","0",NULL,NULL
"3042","0","35","35","353442","平生町","0",NULL,NULL
"3043","0","35","35","355020","阿武町","0",NULL,NULL
"3044","0","36","36","360007","徳島県","1",NULL,NULL
"3045","0","36","36","362018","徳島市","0",NULL,NULL
"3046","0","36","36","362026","鳴門市","0",NULL,NULL
"3047","0","36","36","362034","小松島市","0",NULL,NULL
"3048","0","36","36","362042","阿南市","0",NULL,NULL
"3049","0","36","36","362051","吉野川市","0",NULL,NULL
"3050","0","36","36","362069","阿波市","0",NULL,NULL
"3051","0","36","36","362077","美馬市","0",NULL,NULL
"3052","0","36","36","362085","三好市","0",NULL,NULL
"3053","0","36","36","363014","勝浦町","0",NULL,NULL
"3054","0","36","36","363022","上勝町","0",NULL,NULL
"3055","0","36","36","363219","佐那河内村","0",NULL,NULL
"3056","0","36","36","363413","石井町","0",NULL,NULL
"3057","0","36","36","363421","神山町","0",NULL,NULL
"3058","0","36","36","363685","那賀町","0",NULL,NULL
"3059","0","36","36","363839","牟岐町","0",NULL,NULL
"3060","0","36","36","363871","美波町","0",NULL,NULL
"3061","0","36","36","363880","海陽町","0",NULL,NULL
"3062","0","36","36","364011","松茂町","0",NULL,NULL
"3063","0","36","36","364029","北島町","0",NULL,NULL
"3064","0","36","36","364037","藍住町","0",NULL,NULL
"3065","0","36","36","364045","板野町","0",NULL,NULL
"3066","0","36","36","364053","上板町","0",NULL,NULL
"3067","0","36","36","364681","つるぎ町","0",NULL,NULL
"3068","0","36","36","364894","東みよし町","0",NULL,NULL
"3069","0","37","37","370002","香川県","1",NULL,NULL
"3070","0","37","37","372013","高松市","0",NULL,NULL
"3071","0","37","37","372021","丸亀市","0",NULL,NULL
"3072","0","37","37","372030","坂出市","0",NULL,NULL
"3073","0","37","37","372048","善通寺市","0",NULL,NULL
"3074","0","37","37","372056","観音寺市","0",NULL,NULL
"3075","0","37","37","372064","さぬき市","0",NULL,NULL
"3076","0","37","37","372072","東かがわ市","0",NULL,NULL
"3077","0","37","37","372081","三豊市","0",NULL,NULL
"3078","0","37","37","373222","土庄町","0",NULL,NULL
"3079","0","37","37","373249","小豆島町","0",NULL,NULL
"3080","0","37","37","373419","三木町","0",NULL,NULL
"3081","0","37","37","373648","直島町","0",NULL,NULL
"3082","0","37","37","373869","宇多津町","0",NULL,NULL
"3083","0","37","37","373877","綾川町","0",NULL,NULL
"3084","0","37","37","374032","琴平町","0",NULL,NULL
"3085","0","37","37","374041","多度津町","0",NULL,NULL
"3086","0","37","37","374067","まんのう町","0",NULL,NULL
"3087","0","38","38","380008","愛媛県","1",NULL,NULL
"3088","0","38","38","382019","松山市","0",NULL,NULL
"3089","0","38","38","382027","今治市","0",NULL,NULL
"3090","0","38","38","382035","宇和島市","0",NULL,NULL
"3091","0","38","38","382043","八幡浜市","0",NULL,NULL
"3092","0","38","38","382051","新居浜市","0",NULL,NULL
"3093","0","38","38","382060","西条市","0",NULL,NULL
"3094","0","38","38","382078","大洲市","0",NULL,NULL
"3095","0","38","38","382108","伊予市","0",NULL,NULL
"3096","0","38","38","382132","四国中央市","0",NULL,NULL
"3097","0","38","38","382141","西予市","0",NULL,NULL
"3098","0","38","38","382159","東温市","0",NULL,NULL
"3099","0","38","38","383562","上島町","0",NULL,NULL
"3100","0","38","38","383864","久万高原町","0",NULL,NULL
"3101","0","38","38","384011","松前町","0",NULL,NULL
"3102","0","38","38","384020","砥部町","0",NULL,NULL
"3103","0","38","38","384224","内子町","0",NULL,NULL
"3104","0","38","38","384429","伊方町","0",NULL,NULL
"3105","0","38","38","384844","松野町","0",NULL,NULL
"3106","0","38","38","384887","鬼北町","0",NULL,NULL
"3107","0","38","38","385069","愛南町","0",NULL,NULL
"3108","0","39","39","390003","高知県","1",NULL,NULL
"3109","0","39","39","392014","高知市","0",NULL,NULL
"3110","0","39","39","392022","室戸市","0",NULL,NULL
"3111","0","39","39","392031","安芸市","0",NULL,NULL
"3112","0","39","39","392049","南国市","0",NULL,NULL
"3113","0","39","39","392057","土佐市","0",NULL,NULL
"3114","0","39","39","392065","須崎市","0",NULL,NULL
"3115","0","39","39","392081","宿毛市","0",NULL,NULL
"3116","0","39","39","392090","土佐清水市","0",NULL,NULL
"3117","0","39","39","392103","四万十市","0",NULL,NULL
"3118","0","39","39","392111","香南市","0",NULL,NULL
"3119","0","39","39","392120","香美市","0",NULL,NULL
"3120","0","39","39","393011","東洋町","0",NULL,NULL
"3121","0","39","39","393029","奈半利町","0",NULL,NULL
"3122","0","39","39","393037","田野町","0",NULL,NULL
"3123","0","39","39","393045","安田町","0",NULL,NULL
"3124","0","39","39","393053","北川村","0",NULL,NULL
"3125","0","39","39","393061","馬路村","0",NULL,NULL
"3126","0","39","39","393070","芸西村","0",NULL,NULL
"3127","0","39","39","393410","本山町","0",NULL,NULL
"3128","0","39","39","393444","大豊町","0",NULL,NULL
"3129","0","39","39","393631","土佐町","0",NULL,NULL
"3130","0","39","39","393649","大川村","0",NULL,NULL
"3131","0","39","39","393860","いの町","0",NULL,NULL
"3132","0","39","39","393878","仁淀川町","0",NULL,NULL
"3133","0","39","39","394017","中土佐町","0",NULL,NULL
"3134","0","39","39","394025","佐川町","0",NULL,NULL
"3135","0","39","39","394033","越知町","0",NULL,NULL
"3136","0","39","39","394050","梼原町","0",NULL,NULL
"3137","0","39","39","394106","日高村","0",NULL,NULL
"3138","0","39","39","394114","津野町","0",NULL,NULL
"3139","0","39","39","394122","四万十町","0",NULL,NULL
"3140","0","39","39","394246","大月町","0",NULL,NULL
"3141","0","39","39","394271","三原村","0",NULL,NULL
"3142","0","39","39","394289","黒潮町","0",NULL,NULL
"3143","0","40","40","400009","福岡県","1",NULL,NULL
"3144","0","40","40","401005","北九州市","0",NULL,NULL
"3145","0","40","40","401307","福岡市","0",NULL,NULL
"3146","0","40","40","402028","大牟田市","0",NULL,NULL
"3147","0","40","40","402036","久留米市","0",NULL,NULL
"3148","0","40","40","402044","直方市","0",NULL,NULL
"3149","0","40","40","402052","飯塚市","0",NULL,NULL
"3150","0","40","40","402061","田川市","0",NULL,NULL
"3151","0","40","40","402079","柳川市","0",NULL,NULL
"3152","0","40","40","402109","八女市","0",NULL,NULL
"3153","0","40","40","402117","筑後市","0",NULL,NULL
"3154","0","40","40","402125","大川市","0",NULL,NULL
"3155","0","40","40","402133","行橋市","0",NULL,NULL
"3156","0","40","40","402141","豊前市","0",NULL,NULL
"3157","0","40","40","402150","中間市","0",NULL,NULL
"3158","0","40","40","402168","小郡市","0",NULL,NULL
"3159","0","40","40","402176","筑紫野市","0",NULL,NULL
"3160","0","40","40","402184","春日市","0",NULL,NULL
"3161","0","40","40","402192","大野城市","0",NULL,NULL
"3162","0","40","40","402206","宗像市","0",NULL,NULL
"3163","0","40","40","402214","太宰府市","0",NULL,NULL
"3164","0","40","40","402231","古賀市","0",NULL,NULL
"3165","0","40","40","402249","福津市","0",NULL,NULL
"3166","0","40","40","402257","うきは市","0",NULL,NULL
"3167","0","40","40","402265","宮若市","0",NULL,NULL
"3168","0","40","40","402273","嘉麻市","0",NULL,NULL
"3169","0","40","40","402281","朝倉市","0",NULL,NULL
"3170","0","40","40","402290","みやま市","0",NULL,NULL
"3171","0","40","40","402303","糸島市","0",NULL,NULL
"3172","0","40","40","402311","那珂川市","0",NULL,NULL
"3173","0","40","40","403415","宇美町","0",NULL,NULL
"3174","0","40","40","403423","篠栗町","0",NULL,NULL
"3175","0","40","40","403431","志免町","0",NULL,NULL
"3176","0","40","40","403440","須恵町","0",NULL,NULL
"3177","0","40","40","403458","新宮町","0",NULL,NULL
"3178","0","40","40","403482","久山町","0",NULL,NULL
"3179","0","40","40","403491","粕屋町","0",NULL,NULL
"3180","0","40","40","403814","芦屋町","0",NULL,NULL
"3181","0","40","40","403822","水巻町","0",NULL,NULL
"3182","0","40","40","403831","岡垣町","0",NULL,NULL
"3183","0","40","40","403849","遠賀町","0",NULL,NULL
"3184","0","40","40","404012","小竹町","0",NULL,NULL
"3185","0","40","40","404021","鞍手町","0",NULL,NULL
"3186","0","40","40","404217","桂川町","0",NULL,NULL
"3187","0","40","40","404471","筑前町","0",NULL,NULL
"3188","0","40","40","404489","東峰村","0",NULL,NULL
"3189","0","40","40","405035","大刀洗町","0",NULL,NULL
"3190","0","40","40","405221","大木町","0",NULL,NULL
"3191","0","40","40","405442","広川町","0",NULL,NULL
"3192","0","40","40","406015","香春町","0",NULL,NULL
"3193","0","40","40","406023","添田町","0",NULL,NULL
"3194","0","40","40","406040","糸田町","0",NULL,NULL
"3195","0","40","40","406058","川崎町","0",NULL,NULL
"3196","0","40","40","406082","大任町","0",NULL,NULL
"3197","0","40","40","406091","赤村","0",NULL,NULL
"3198","0","40","40","406104","福智町","0",NULL,NULL
"3199","0","40","40","406210","苅田町","0",NULL,NULL
"3200","0","40","40","406252","みやこ町","0",NULL,NULL
"3201","0","40","40","406422","吉富町","0",NULL,NULL
"3202","0","40","40","406465","上毛町","0",NULL,NULL
"3203","0","40","40","406473","築上町","0",NULL,NULL
"3204","0","41","41","410004","佐賀県","1",NULL,NULL
"3205","0","41","41","412015","佐賀市","0",NULL,NULL
"3206","0","41","41","412023","唐津市","0",NULL,NULL
"3207","0","41","41","412031","鳥栖市","0",NULL,NULL
"3208","0","41","41","412040","多久市","0",NULL,NULL
"3209","0","41","41","412058","伊万里市","0",NULL,NULL
"3210","0","41","41","412066","武雄市","0",NULL,NULL
"3211","0","41","41","412074","鹿島市","0",NULL,NULL
"3212","0","41","41","412082","小城市","0",NULL,NULL
"3213","0","41","41","412091","嬉野市","0",NULL,NULL
"3214","0","41","41","412104","神埼市","0",NULL,NULL
"3215","0","41","41","413275","吉野ヶ里町","0",NULL,NULL
"3216","0","41","41","413411","基山町","0",NULL,NULL
"3217","0","41","41","413453","上峰町","0",NULL,NULL
"3218","0","41","41","413461","みやき町","0",NULL,NULL
"3219","0","41","41","413879","玄海町","0",NULL,NULL
"3220","0","41","41","414018","有田町","0",NULL,NULL
"3221","0","41","41","414239","大町町","0",NULL,NULL
"3222","0","41","41","414247","江北町","0",NULL,NULL
"3223","0","41","41","414255","白石町","0",NULL,NULL
"3224","0","41","41","414417","太良町","0",NULL,NULL
"3225","0","42","42","420000","長崎県","1",NULL,NULL
"3226","0","42","42","422011","長崎市","0",NULL,NULL
"3227","0","42","42","422029","佐世保市","0",NULL,NULL
"3228","0","42","42","422037","島原市","0",NULL,NULL
"3229","0","42","42","422045","諫早市","0",NULL,NULL
"3230","0","42","42","422053","大村市","0",NULL,NULL
"3231","0","42","42","422070","平戸市","0",NULL,NULL
"3232","0","42","42","422088","松浦市","0",NULL,NULL
"3233","0","42","42","422096","対馬市","0",NULL,NULL
"3234","0","42","42","422100","壱岐市","0",NULL,NULL
"3235","0","42","42","422118","五島市","0",NULL,NULL
"3236","0","42","42","422126","西海市","0",NULL,NULL
"3237","0","42","42","422134","雲仙市","0",NULL,NULL
"3238","0","42","42","422142","南島原市","0",NULL,NULL
"3239","0","42","42","423076","長与町","0",NULL,NULL
"3240","0","42","42","423084","時津町","0",NULL,NULL
"3241","0","42","42","423211","東彼杵町","0",NULL,NULL
"3242","0","42","42","423220","川棚町","0",NULL,NULL
"3243","0","42","42","423238","波佐見町","0",NULL,NULL
"3244","0","42","42","423831","小値賀町","0",NULL,NULL
"3245","0","42","42","423912","佐々町","0",NULL,NULL
"3246","0","42","42","424111","新上五島町","0",NULL,NULL
"3247","0","43","43","430005","熊本県","1",NULL,NULL
"3248","0","43","43","431001","熊本市","0",NULL,NULL
"3249","0","43","43","432024","八代市","0",NULL,NULL
"3250","0","43","43","432032","人吉市","0",NULL,NULL
"3251","0","43","43","432041","荒尾市","0",NULL,NULL
"3252","0","43","43","432059","水俣市","0",NULL,NULL
"3253","0","43","43","432067","玉名市","0",NULL,NULL
"3254","0","43","43","432083","山鹿市","0",NULL,NULL
"3255","0","43","43","432105","菊池市","0",NULL,NULL
"3256","0","43","43","432113","宇土市","0",NULL,NULL
"3257","0","43","43","432121","上天草市","0",NULL,NULL
"3258","0","43","43","432130","宇城市","0",NULL,NULL
"3259","0","43","43","432148","阿蘇市","0",NULL,NULL
"3260","0","43","43","432156","天草市","0",NULL,NULL
"3261","0","43","43","432164","合志市","0",NULL,NULL
"3262","0","43","43","433489","美里町","0",NULL,NULL
"3263","0","43","43","433641","玉東町","0",NULL,NULL
"3264","0","43","43","433675","南関町","0",NULL,NULL
"3265","0","43","43","433683","長洲町","0",NULL,NULL
"3266","0","43","43","433691","和水町","0",NULL,NULL
"3267","0","43","43","434035","大津町","0",NULL,NULL
"3268","0","43","43","434043","菊陽町","0",NULL,NULL
"3269","0","43","43","434230","南小国町","0",NULL,NULL
"3270","0","43","43","434248","小国町","0",NULL,NULL
"3271","0","43","43","434256","産山村","0",NULL,NULL
"3272","0","43","43","434281","高森町","0",NULL,NULL
"3273","0","43","43","434329","西原村","0",NULL,NULL
"3274","0","43","43","434337","南阿蘇村","0",NULL,NULL
"3275","0","43","43","434418","御船町","0",NULL,NULL
"3276","0","43","43","434426","嘉島町","0",NULL,NULL
"3277","0","43","43","434434","益城町","0",NULL,NULL
"3278","0","43","43","434442","甲佐町","0",NULL,NULL
"3279","0","43","43","434477","山都町","0",NULL,NULL
"3280","0","43","43","434680","氷川町","0",NULL,NULL
"3281","0","43","43","434825","芦北町","0",NULL,NULL
"3282","0","43","43","434841","津奈木町","0",NULL,NULL
"3283","0","43","43","435015","錦町","0",NULL,NULL
"3284","0","43","43","435058","多良木町","0",NULL,NULL
"3285","0","43","43","435066","湯前町","0",NULL,NULL
"3286","0","43","43","435074","水上村","0",NULL,NULL
"3287","0","43","43","435104","相良村","0",NULL,NULL
"3288","0","43","43","435112","五木村","0",NULL,NULL
"3289","0","43","43","435121","山江村","0",NULL,NULL
"3290","0","43","43","435139","球磨村","0",NULL,NULL
"3291","0","43","43","435147","あさぎり町","0",NULL,NULL
"3292","0","43","43","435317","苓北町","0",NULL,NULL
"3293","0","44","44","440001","大分県","1",NULL,NULL
"3294","0","44","44","442011","大分市","0",NULL,NULL
"3295","0","44","44","442020","別府市","0",NULL,NULL
"3296","0","44","44","442038","中津市","0",NULL,NULL
"3297","0","44","44","442046","日田市","0",NULL,NULL
"3298","0","44","44","442054","佐伯市","0",NULL,NULL
"3299","0","44","44","442062","臼杵市","0",NULL,NULL
"3300","0","44","44","442071","津久見市","0",NULL,NULL
"3301","0","44","44","442089","竹田市","0",NULL,NULL
"3302","0","44","44","442097","豊後高田市","0",NULL,NULL
"3303","0","44","44","442101","杵築市","0",NULL,NULL
"3304","0","44","44","442119","宇佐市","0",NULL,NULL
"3305","0","44","44","442127","豊後大野市","0",NULL,NULL
"3306","0","44","44","442135","由布市","0",NULL,NULL
"3307","0","44","44","442143","国東市","0",NULL,NULL
"3308","0","44","44","443221","姫島村","0",NULL,NULL
"3309","0","44","44","443417","日出町","0",NULL,NULL
"3310","0","44","44","444618","九重町","0",NULL,NULL
"3311","0","44","44","444626","玖珠町","0",NULL,NULL
"3312","0","45","45","450006","宮崎県","1",NULL,NULL
"3313","0","45","45","452017","宮崎市","0",NULL,NULL
"3314","0","45","45","452025","都城市","0",NULL,NULL
"3315","0","45","45","452033","延岡市","0",NULL,NULL
"3316","0","45","45","452041","日南市","0",NULL,NULL
"3317","0","45","45","452050","小林市","0",NULL,NULL
"3318","0","45","45","452068","日向市","0",NULL,NULL
"3319","0","45","45","452076","串間市","0",NULL,NULL
"3320","0","45","45","452084","西都市","0",NULL,NULL
"3321","0","45","45","452092","えびの市","0",NULL,NULL
"3322","0","45","45","453412","三股町","0",NULL,NULL
"3323","0","45","45","453617","高原町","0",NULL,NULL
"3324","0","45","45","453820","国富町","0",NULL,NULL
"3325","0","45","45","453838","綾町","0",NULL,NULL
"3326","0","45","45","454010","高鍋町","0",NULL,NULL
"3327","0","45","45","454028","新富町","0",NULL,NULL
"3328","0","45","45","454036","西米良村","0",NULL,NULL
"3329","0","45","45","454044","木城町","0",NULL,NULL
"3330","0","45","45","454052","川南町","0",NULL,NULL
"3331","0","45","45","454061","都農町","0",NULL,NULL
"3332","0","45","45","454214","門川町","0",NULL,NULL
"3333","0","45","45","454290","諸塚村","0",NULL,NULL
"3334","0","45","45","454303","椎葉村","0",NULL,NULL
"3335","0","45","45","454311","美郷町","0",NULL,NULL
"3336","0","45","45","454419","高千穂町","0",NULL,NULL
"3337","0","45","45","454427","日之影町","0",NULL,NULL
"3338","0","45","45","454435","五ヶ瀬町","0",NULL,NULL
"3339","0","46","46","460001","鹿児島県","1",NULL,NULL
"3340","0","46","46","462012","鹿児島市","0",NULL,NULL
"3341","0","46","46","462039","鹿屋市","0",NULL,NULL
"3342","0","46","46","462047","枕崎市","0",NULL,NULL
"3343","0","46","46","462063","阿久根市","0",NULL,NULL
"3344","0","46","46","462080","出水市","0",NULL,NULL
"3345","0","46","46","462101","指宿市","0",NULL,NULL
"3346","0","46","46","462136","西之表市","0",NULL,NULL
"3347","0","46","46","462144","垂水市","0",NULL,NULL
"3348","0","46","46","462152","薩摩川内市","0",NULL,NULL
"3349","0","46","46","462161","日置市","0",NULL,NULL
"3350","0","46","46","462179","曽於市","0",NULL,NULL
"3351","0","46","46","462187","霧島市","0",NULL,NULL
"3352","0","46","46","462195","いちき串木野市","0",NULL,NULL
"3353","0","46","46","462209","南さつま市","0",NULL,NULL
"3354","0","46","46","462217","志布志市","0",NULL,NULL
"3355","0","46","46","462225","奄美市","0",NULL,NULL
"3356","0","46","46","462233","南九州市","0",NULL,NULL
"3357","0","46","46","462241","伊佐市","0",NULL,NULL
"3358","0","46","46","462250","姶良市","0",NULL,NULL
"3359","0","46","46","463035","三島村","0",NULL,NULL
"3360","0","46","46","463043","十島村","0",NULL,NULL
"3361","0","46","46","463922","さつま町","0",NULL,NULL
"3362","0","46","46","464040","長島町","0",NULL,NULL
"3363","0","46","46","464520","湧水町","0",NULL,NULL
"3364","0","46","46","464686","大崎町","0",NULL,NULL
"3365","0","46","46","464821","東串良町","0",NULL,NULL
"3366","0","46","46","464902","錦江町","0",NULL,NULL
"3367","0","46","46","464911","南大隅町","0",NULL,NULL
"3368","0","46","46","464929","肝付町","0",NULL,NULL
"3369","0","46","46","465011","中種子町","0",NULL,NULL
"3370","0","46","46","465020","南種子町","0",NULL,NULL
"3371","0","46","46","465054","屋久島町","0",NULL,NULL
"3372","0","46","46","465232","大和村","0",NULL,NULL
"3373","0","46","46","465241","宇検村","0",NULL,NULL
"3374","0","46","46","465259","瀬戸内町","0",NULL,NULL
"3375","0","46","46","465275","龍郷町","0",NULL,NULL
"3376","0","46","46","465291","喜界町","0",NULL,NULL
"3377","0","46","46","465305","徳之島町","0",NULL,NULL
"3378","0","46","46","465313","天城町","0",NULL,NULL
"3379","0","46","46","465321","伊仙町","0",NULL,NULL
"3380","0","46","46","465330","和泊町","0",NULL,NULL
"3381","0","46","46","465348","知名町","0",NULL,NULL
"3382","0","46","46","465356","与論町","0",NULL,NULL
"3383","0","47","47","470007","沖縄県","1",NULL,NULL
"3384","0","47","47","472018","那覇市","0",NULL,NULL
"3385","0","47","47","472051","宜野湾市","0",NULL,NULL
"3386","0","47","47","472077","石垣市","0",NULL,NULL
"3387","0","47","47","472085","浦添市","0",NULL,NULL
"3388","0","47","47","472093","名護市","0",NULL,NULL
"3389","0","47","47","472107","糸満市","0",NULL,NULL
"3390","0","47","47","472115","沖縄市","0",NULL,NULL
"3391","0","47","47","472123","豊見城市","0",NULL,NULL
"3392","0","47","47","472131","うるま市","0",NULL,NULL
"3393","0","47","47","472140","宮古島市","0",NULL,NULL
"3394","0","47","47","472158","南城市","0",NULL,NULL
"3395","0","47","47","473014","国頭村","0",NULL,NULL
"3396","0","47","47","473022","大宜味村","0",NULL,NULL
"3397","0","47","47","473031","東村","0",NULL,NULL
"3398","0","47","47","473065","今帰仁村","0",NULL,NULL
"3399","0","47","47","473081","本部町","0",NULL,NULL
"3400","0","47","47","473111","恩納村","0",NULL,NULL
"3401","0","47","47","473138","宜野座村","0",NULL,NULL
"3402","0","47","47","473146","金武町","0",NULL,NULL
"3403","0","47","47","473154","伊江村","0",NULL,NULL
"3404","0","47","47","473243","読谷村","0",NULL,NULL
"3405","0","47","47","473251","嘉手納町","0",NULL,NULL
"3406","0","47","47","473260","北谷町","0",NULL,NULL
"3407","0","47","47","473278","北中城村","0",NULL,NULL
"3408","0","47","47","473286","中城村","0",NULL,NULL
"3409","0","47","47","473294","西原町","0",NULL,NULL
"3410","0","47","47","473481","与那原町","0",NULL,NULL
"3411","0","47","47","473502","南風原町","0",NULL,NULL
"3412","0","47","47","473537","渡嘉敷村","0",NULL,NULL
"3413","0","47","47","473545","座間味村","0",NULL,NULL
"3414","0","47","47","473553","粟国村","0",NULL,NULL
"3415","0","47","47","473561","渡名喜村","0",NULL,NULL
"3416","0","47","47","473570","南大東村","0",NULL,NULL
"3417","0","47","47","473588","北大東村","0",NULL,NULL
"3418","0","47","47","473596","伊平屋村","0",NULL,NULL
"3419","0","47","47","473600","伊是名村","0",NULL,NULL
"3420","0","47","47","473618","久米島町","0",NULL,NULL
"3421","0","47","47","473626","八重瀬町","0",NULL,NULL
"3422","0","47","47","473758","多良間村","0",NULL,NULL
"3423","0","47","47","473812","竹富町","0",NULL,NULL
"3424","0","47","47","473821","与那国町","0",NULL,NULL
